{"Name":"","TimeLayouts":{},"ClassPlans":{},"Subjects":{"97d0bf3f-137f-4f8a-87d6-ff387063bbd3":{"Name":"\u8BED\u6587","Initial":"\u8BED","TeacherName":"","IsOutDoor":false,"AttachedObjects":{},"IsActive":false},"1154d452-5ede-4194-b4dd-cb40c956c8ed":{"Name":"\u6570\u5B66","Initial":"\u6570","TeacherName":"","IsOutDoor":false,"AttachedObjects":{},"IsActive":false},"3bbed0c0-bcf3-4dfe-a78d-5da9b02cf8bd":{"Name":"\u82F1\u8BED","Initial":"\u82F1","TeacherName":"","IsOutDoor":false,"AttachedObjects":{},"IsActive":false},"44ec22d3-3dde-40e6-8eb7-a1f4cd378a04":{"Name":"\u5386\u53F2","Initial":"\u5386","TeacherName":"","IsOutDoor":false,"AttachedObjects":{},"IsActive":false},"9f0d71b7-b4da-4040-a3d5-64da7573c6dd":{"Name":"\u653F\u6CBB","Initial":"\u653F","TeacherName":"","IsOutDoor":false,"AttachedObjects":{},"IsActive":false},"a4a76e77-29d8-4103-882c-2f4c9d1e8077":{"Name":"\u7269\u7406","Initial":"\u7269","TeacherName":"","IsOutDoor":false,"AttachedObjects":{},"IsActive":false},"d18e9906-0210-4f00-9dd6-b919f0dd8287":{"Name":"\u5316\u5B66","Initial":"\u5316","TeacherName":"","IsOutDoor":false,"AttachedObjects":{},"IsActive":false},"a41cc849-b4bc-4dfd-a464-7f4fa3e317ca":{"Name":"\u751F\u7269","Initial":"\u751F","TeacherName":"","IsOutDoor":false,"AttachedObjects":{},"IsActive":false},"7b7aea95-30ad-4490-8d98-0c9179c47a10":{"Name":"\u5730\u7406","Initial":"\u5730","TeacherName":"","IsOutDoor":false,"AttachedObjects":{},"IsActive":false},"66d1c380-d292-46e1-86d5-d403e2a4f200":{"Name":"\u4FE1\u606F\u6280\u672F","Initial":"\u4FE1","TeacherName":"","IsOutDoor":true,"AttachedObjects":{},"IsActive":false},"0ed2307b-4d9b-48fa-97ed-94bd2213c84e":{"Name":"\u4F53\u80B2","Initial":"\u4F53","TeacherName":"","IsOutDoor":true,"AttachedObjects":{},"IsActive":false},"923f4a8b-51eb-468b-971d-bb02e7db0163":{"Name":"\u81EA\u4E60","Initial":"\u81EA","TeacherName":"","IsOutDoor":false,"AttachedObjects":{},"IsActive":false},"0d412099-dac6-4616-b6a7-c4fb76b12063":{"Name":"\u901A\u7528\u6280\u672F","Initial":"\u6280","TeacherName":"","IsOutDoor":false,"AttachedObjects":{},"IsActive":false},"91a88ebb-8ecb-493e-b09c-e35718f01dce":{"Name":"\u97F3\u4E50","Initial":"\u97F3","TeacherName":"","IsOutDoor":false,"AttachedObjects":{},"IsActive":false},"742b00dc-901b-496f-ae33-6714a13fa465":{"Name":"\u7F8E\u672F","Initial":"\u7F8E","TeacherName":"","IsOutDoor":false,"AttachedObjects":{},"IsActive":false},"353c420e-c256-4e28-9f9c-283333ba6e62":{"Name":"\u9009\u4FEE\u8BFE","Initial":"\u9009","TeacherName":"","IsOutDoor":false,"AttachedObjects":{},"IsActive":false},"cc826063-bdb7-492b-baf3-3c6877e8c4bf":{"Name":"\u793E\u56E2","Initial":"\u793E","TeacherName":"","IsOutDoor":false,"AttachedObjects":{},"IsActive":false},"31380edc-400d-46c2-b993-a5c4a43db126":{"Name":"\u5FC3\u7406","Initial":"\u5FC3","TeacherName":"","IsOutDoor":false,"AttachedObjects":{},"IsActive":false},"9875b24c-470d-4195-8a6a-73925ea4808b":{"Name":"\u65E9\u8BFB","Initial":"\u65E9","TeacherName":"","IsOutDoor":false,"AttachedObjects":{},"IsActive":false},"cf251cd8-2aab-4aa1-8211-50f4e6919a3d":{"Name":"\u73ED\u4F1A","Initial":"\u73ED","TeacherName":"","IsOutDoor":false,"AttachedObjects":{},"IsActive":false},"95dd61cd-5d2e-4f23-80e8-99be8aa97028":{"Name":"\u5468\u6D4B","Initial":"\u6D4B","TeacherName":"","IsOutDoor":false,"AttachedObjects":{},"IsActive":false}},"IsOverlayClassPlanEnabled":false,"OverlayClassPlanId":null,"TempClassPlanId":null,"TempClassPlanSetupTime":"2025-08-25T12:48:38.5036811+08:00","ClassPlanGroups":{"acaf4ef0-e261-4262-b941-34ea93cb4369":{"Name":"\u9ED8\u8BA4","IsGlobal":false,"IsActive":false},"00000000-0000-0000-0000-000000000000":{"Name":"\u5168\u5C40\u8BFE\u8868\u7FA4","IsGlobal":true,"IsActive":false}},"SelectedClassPlanGroupId":"acaf4ef0-e261-4262-b941-34ea93cb4369","TempClassPlanGroupId":null,"TempClassPlanGroupExpireTime":"2025-08-25T12:48:38.5037722+08:00","IsTempClassPlanGroupEnabled":false,"TempClassPlanGroupType":1,"Id":"0cafd028-7a5a-4043-b0b1-6e76ec33b587","OrderedSchedules":{},"IsActive":false}