[{"Id":"DF3F8295-21F6-482E-BADA-FA0E5F14BB66","NameCache":"","Settings":null,"HideOnRule":false,"HidingRules":{"Mode":0,"IsReversed":false,"Groups":[{"Rules":[{"IsReversed":false,"Id":"","Settings":null,"IsActive":false}],"Mode":1,"IsReversed":false,"IsEnabled":true,"IsActive":false}],"IsActive":false},"IsResourceOverridingEnabled":false,"MainWindowSecondaryFontSize":14,"MainWindowBodyFontSize":16,"MainWindowEmphasizedFontSize":18,"MainWindowLargeFontSize":20,"IsCustomForegroundColorEnabled":false,"ForegroundColor":{"ColorContext":null,"A":255,"R":30,"G":144,"B":255,"ScA":1,"ScR":0.0129830325,"ScG":0.2788943,"ScB":1},"RelativeLineNumber":0,"IsMinWidthEnabled":false,"MinWidth":100,"IsMaxWidthEnabled":false,"MaxWidth":300,"IsFixedWidthEnabled":false,"FixedWidth":200,"HorizontalAlignment":3,"IsActive":false},{"Id":"9e1af71d-8f77-4b21-a342-448787104dd9","NameCache":"","Settings":{"ShowSeconds":true,"ShowRealTime":false,"FlashTimeSeparator":true,"IsActive":false},"HideOnRule":false,"HidingRules":{"Mode":0,"IsReversed":false,"Groups":[{"Rules":[{"IsReversed":false,"Id":"","Settings":null,"IsActive":false}],"Mode":1,"IsReversed":false,"IsEnabled":true,"IsActive":false}],"IsActive":false},"IsResourceOverridingEnabled":false,"MainWindowSecondaryFontSize":14,"MainWindowBodyFontSize":16,"MainWindowEmphasizedFontSize":20,"MainWindowLargeFontSize":20,"IsCustomForegroundColorEnabled":false,"ForegroundColor":{"ColorContext":null,"A":255,"R":30,"G":144,"B":255,"ScA":1,"ScR":0.0129830325,"ScG":0.2788943,"ScB":1},"RelativeLineNumber":0,"IsMinWidthEnabled":false,"MinWidth":100,"IsMaxWidthEnabled":false,"MaxWidth":300,"IsFixedWidthEnabled":false,"FixedWidth":200,"HorizontalAlignment":3,"IsActive":false},{"Id":"ab0f26d5-9df6-4575-b844-73b04d0907c1","NameCache":"","Settings":null,"HideOnRule":false,"HidingRules":{"Mode":0,"IsReversed":false,"Groups":[{"Rules":[{"IsReversed":false,"Id":"","Settings":null,"IsActive":false}],"Mode":1,"IsReversed":false,"IsEnabled":true,"IsActive":false}],"IsActive":false},"IsResourceOverridingEnabled":false,"MainWindowSecondaryFontSize":14,"MainWindowBodyFontSize":16,"MainWindowEmphasizedFontSize":18,"MainWindowLargeFontSize":20,"IsCustomForegroundColorEnabled":false,"ForegroundColor":{"ColorContext":null,"A":255,"R":30,"G":144,"B":255,"ScA":1,"ScR":0.0129830325,"ScG":0.2788943,"ScB":1},"RelativeLineNumber":0,"IsMinWidthEnabled":false,"MinWidth":100,"IsMaxWidthEnabled":false,"MaxWidth":300,"IsFixedWidthEnabled":false,"FixedWidth":200,"HorizontalAlignment":3,"IsActive":false},{"Id":"ca495086-e297-4beb-9603-c5c1c1a8551e","NameCache":"","Settings":{"ShowAlerts":true,"AlertsTitleShowMode":1,"ShowRainTime":true,"IsActive":false},"HideOnRule":false,"HidingRules":{"Mode":0,"IsReversed":false,"Groups":[{"Rules":[{"IsReversed":false,"Id":"","Settings":null,"IsActive":false}],"Mode":1,"IsReversed":false,"IsEnabled":true,"IsActive":false}],"IsActive":false},"IsResourceOverridingEnabled":false,"MainWindowSecondaryFontSize":14,"MainWindowBodyFontSize":16,"MainWindowEmphasizedFontSize":18,"MainWindowLargeFontSize":20,"IsCustomForegroundColorEnabled":false,"ForegroundColor":{"ColorContext":null,"A":255,"R":30,"G":144,"B":255,"ScA":1,"ScR":0.0129830325,"ScG":0.2788943,"ScB":1},"RelativeLineNumber":0,"IsMinWidthEnabled":false,"MinWidth":100,"IsMaxWidthEnabled":false,"MaxWidth":300,"IsFixedWidthEnabled":false,"FixedWidth":200,"HorizontalAlignment":3,"IsActive":false},{"Id":"ab0f26d5-9df6-4575-b844-73b04d0907c1","NameCache":"","Settings":null,"HideOnRule":false,"HidingRules":{"Mode":0,"IsReversed":false,"Groups":[{"Rules":[{"IsReversed":false,"Id":"","Settings":null,"IsActive":false}],"Mode":1,"IsReversed":false,"IsEnabled":true,"IsActive":false}],"IsActive":false},"IsResourceOverridingEnabled":false,"MainWindowSecondaryFontSize":14,"MainWindowBodyFontSize":16,"MainWindowEmphasizedFontSize":18,"MainWindowLargeFontSize":20,"IsCustomForegroundColorEnabled":false,"ForegroundColor":{"ColorContext":null,"A":255,"R":30,"G":144,"B":255,"ScA":1,"ScR":0.0129830325,"ScG":0.2788943,"ScB":1},"RelativeLineNumber":0,"IsMinWidthEnabled":false,"MinWidth":100,"IsMaxWidthEnabled":false,"MaxWidth":300,"IsFixedWidthEnabled":false,"FixedWidth":200,"HorizontalAlignment":3,"IsActive":false},{"Id":"7e19a113-d281-4f33-970a-834a0b78b5ad","NameCache":"","Settings":{"Children":[{"Id":"ee8f66bd-c423-4e7c-ab46-aa9976b00e08","NameCache":"","Settings":{"TextContent":"\u7FA4\u5C45\u9632\u53E3\uFF0C\u72EC\u5750\u9632\u5FC3","FontSize":16,"FontColor":{"ColorContext":null,"A":255,"R":255,"G":255,"B":255,"ScA":1,"ScR":1,"ScG":1,"ScB":1},"IsActive":false},"HideOnRule":false,"HidingRules":{"Mode":0,"IsReversed":false,"Groups":[{"Rules":[{"IsReversed":false,"Id":"","Settings":null,"IsActive":false}],"Mode":1,"IsReversed":false,"IsEnabled":true,"IsActive":false}],"IsActive":false},"IsResourceOverridingEnabled":false,"MainWindowSecondaryFontSize":14,"MainWindowBodyFontSize":16,"MainWindowEmphasizedFontSize":18,"MainWindowLargeFontSize":20,"IsCustomForegroundColorEnabled":false,"ForegroundColor":{"ColorContext":null,"A":255,"R":30,"G":144,"B":255,"ScA":1,"ScR":0.0129830325,"ScG":0.2788943,"ScB":1},"RelativeLineNumber":0,"IsMinWidthEnabled":false,"MinWidth":100,"IsMaxWidthEnabled":false,"MaxWidth":300,"IsFixedWidthEnabled":false,"FixedWidth":200,"HorizontalAlignment":3,"IsActive":false},{"Id":"ee8f66bd-c423-4e7c-ab46-aa9976b00e08","NameCache":"","Settings":{"TextContent":"\u7EA2\u8C46\u751F\u5357\u56FD\uFF0C\u6625\u6765\u53D1\u51E0\u679D","FontSize":16,"FontColor":{"ColorContext":null,"A":255,"R":255,"G":255,"B":255,"ScA":1,"ScR":1,"ScG":1,"ScB":1},"IsActive":false},"HideOnRule":false,"HidingRules":{"Mode":0,"IsReversed":false,"Groups":[{"Rules":[{"IsReversed":false,"Id":"","Settings":null,"IsActive":false}],"Mode":1,"IsReversed":false,"IsEnabled":true,"IsActive":false}],"IsActive":false},"IsResourceOverridingEnabled":false,"MainWindowSecondaryFontSize":14,"MainWindowBodyFontSize":16,"MainWindowEmphasizedFontSize":18,"MainWindowLargeFontSize":20,"IsCustomForegroundColorEnabled":false,"ForegroundColor":{"ColorContext":null,"A":255,"R":30,"G":144,"B":255,"ScA":1,"ScR":0.0129830325,"ScG":0.2788943,"ScB":1},"RelativeLineNumber":0,"IsMinWidthEnabled":false,"MinWidth":100,"IsMaxWidthEnabled":false,"MaxWidth":300,"IsFixedWidthEnabled":false,"FixedWidth":200,"HorizontalAlignment":3,"IsActive":false},{"Id":"ee8f66bd-c423-4e7c-ab46-aa9976b00e08","NameCache":"","Settings":{"TextContent":"\u529B\u62D4\u5C71\u516E\u6C14\u76D6\u4E16\u3002\u65F6\u4E0D\u5229\u516E\u9A93\u4E0D\u901D","FontSize":16,"FontColor":{"ColorContext":null,"A":255,"R":255,"G":255,"B":255,"ScA":1,"ScR":1,"ScG":1,"ScB":1},"IsActive":false},"HideOnRule":false,"HidingRules":{"Mode":0,"IsReversed":false,"Groups":[{"Rules":[{"IsReversed":false,"Id":"","Settings":null,"IsActive":false}],"Mode":1,"IsReversed":false,"IsEnabled":true,"IsActive":false}],"IsActive":false},"IsResourceOverridingEnabled":false,"MainWindowSecondaryFontSize":14,"MainWindowBodyFontSize":16,"MainWindowEmphasizedFontSize":18,"MainWindowLargeFontSize":20,"IsCustomForegroundColorEnabled":false,"ForegroundColor":{"ColorContext":null,"A":255,"R":30,"G":144,"B":255,"ScA":1,"ScR":0.0129830325,"ScG":0.2788943,"ScB":1},"RelativeLineNumber":0,"IsMinWidthEnabled":false,"MinWidth":100,"IsMaxWidthEnabled":false,"MaxWidth":300,"IsFixedWidthEnabled":false,"FixedWidth":200,"HorizontalAlignment":3,"IsActive":false},{"Id":"ee8f66bd-c423-4e7c-ab46-aa9976b00e08","NameCache":"","Settings":{"TextContent":"\u51ED\u8C01\u95EE\uFF1A\u5EC9\u9887\u8001\u77E3\uFF0C\u5C1A\u80FD\u996D\u5426\uFF1F","FontSize":16,"FontColor":{"ColorContext":null,"A":255,"R":255,"G":255,"B":255,"ScA":1,"ScR":1,"ScG":1,"ScB":1},"IsActive":false},"HideOnRule":false,"HidingRules":{"Mode":0,"IsReversed":false,"Groups":[{"Rules":[{"IsReversed":false,"Id":"","Settings":null,"IsActive":false}],"Mode":1,"IsReversed":false,"IsEnabled":true,"IsActive":false}],"IsActive":false},"IsResourceOverridingEnabled":false,"MainWindowSecondaryFontSize":14,"MainWindowBodyFontSize":16,"MainWindowEmphasizedFontSize":18,"MainWindowLargeFontSize":20,"IsCustomForegroundColorEnabled":false,"ForegroundColor":{"ColorContext":null,"A":255,"R":30,"G":144,"B":255,"ScA":1,"ScR":0.0129830325,"ScG":0.2788943,"ScB":1},"RelativeLineNumber":0,"IsMinWidthEnabled":false,"MinWidth":100,"IsMaxWidthEnabled":false,"MaxWidth":300,"IsFixedWidthEnabled":false,"FixedWidth":200,"HorizontalAlignment":3,"IsActive":false},{"Id":"ee8f66bd-c423-4e7c-ab46-aa9976b00e08","NameCache":"","Settings":{"TextContent":"\u6211\u5176\u5B9E\u77E5\u9053\u4E0D\u52A0\u53E5\u53F7\u662F\u9519\u8BEF\u7684 : )","FontSize":16,"FontColor":{"ColorContext":null,"A":255,"R":255,"G":255,"B":255,"ScA":1,"ScR":1,"ScG":1,"ScB":1},"IsActive":false},"HideOnRule":false,"HidingRules":{"Mode":0,"IsReversed":false,"Groups":[{"Rules":[{"IsReversed":false,"Id":"","Settings":null,"IsActive":false}],"Mode":1,"IsReversed":false,"IsEnabled":true,"IsActive":false}],"IsActive":false},"IsResourceOverridingEnabled":false,"MainWindowSecondaryFontSize":14,"MainWindowBodyFontSize":16,"MainWindowEmphasizedFontSize":18,"MainWindowLargeFontSize":20,"IsCustomForegroundColorEnabled":false,"ForegroundColor":{"ColorContext":null,"A":255,"R":30,"G":144,"B":255,"ScA":1,"ScR":0.0129830325,"ScG":0.2788943,"ScB":1},"RelativeLineNumber":0,"IsMinWidthEnabled":false,"MinWidth":100,"IsMaxWidthEnabled":false,"MaxWidth":300,"IsFixedWidthEnabled":false,"FixedWidth":200,"HorizontalAlignment":3,"IsActive":false},{"Id":"ee8f66bd-c423-4e7c-ab46-aa9976b00e08","NameCache":"","Settings":{"TextContent":"\u6263\u8237\u72EC\u5578\uFF0C\u4E0D\u77E5\u4ECA\u5915\u4F55\u5915\u3002","FontSize":16,"FontColor":{"ColorContext":null,"A":255,"R":255,"G":255,"B":255,"ScA":1,"ScR":1,"ScG":1,"ScB":1},"IsActive":false},"HideOnRule":false,"HidingRules":{"Mode":0,"IsReversed":false,"Groups":[{"Rules":[{"IsReversed":false,"Id":"","Settings":null,"IsActive":false}],"Mode":1,"IsReversed":false,"IsEnabled":true,"IsActive":false}],"IsActive":false},"IsResourceOverridingEnabled":false,"MainWindowSecondaryFontSize":14,"MainWindowBodyFontSize":16,"MainWindowEmphasizedFontSize":18,"MainWindowLargeFontSize":20,"IsCustomForegroundColorEnabled":false,"ForegroundColor":{"ColorContext":null,"A":255,"R":30,"G":144,"B":255,"ScA":1,"ScR":0.0129830325,"ScG":0.2788943,"ScB":1},"RelativeLineNumber":0,"IsMinWidthEnabled":false,"MinWidth":100,"IsMaxWidthEnabled":false,"MaxWidth":300,"IsFixedWidthEnabled":false,"FixedWidth":200,"HorizontalAlignment":3,"IsActive":false},{"Id":"ee8f66bd-c423-4e7c-ab46-aa9976b00e08","NameCache":"","Settings":{"TextContent":"\u662F\u5426\u770B\u70E6\u4E86\uFF1F","FontSize":16,"FontColor":{"ColorContext":null,"A":255,"R":255,"G":255,"B":255,"ScA":1,"ScR":1,"ScG":1,"ScB":1},"IsActive":false},"HideOnRule":false,"HidingRules":{"Mode":0,"IsReversed":false,"Groups":[{"Rules":[{"IsReversed":false,"Id":"","Settings":null,"IsActive":false}],"Mode":1,"IsReversed":false,"IsEnabled":true,"IsActive":false}],"IsActive":false},"IsResourceOverridingEnabled":false,"MainWindowSecondaryFontSize":14,"MainWindowBodyFontSize":16,"MainWindowEmphasizedFontSize":18,"MainWindowLargeFontSize":20,"IsCustomForegroundColorEnabled":false,"ForegroundColor":{"ColorContext":null,"A":255,"R":30,"G":144,"B":255,"ScA":1,"ScR":0.0129830325,"ScG":0.2788943,"ScB":1},"RelativeLineNumber":0,"IsMinWidthEnabled":false,"MinWidth":100,"IsMaxWidthEnabled":false,"MaxWidth":300,"IsFixedWidthEnabled":false,"FixedWidth":200,"HorizontalAlignment":3,"IsActive":false},{"Id":"ee8f66bd-c423-4e7c-ab46-aa9976b00e08","NameCache":"","Settings":{"TextContent":"\u5F62\u800C\u4E0A\u8005\u8C13\u4E4B\u9053\uFF0C\u5F62\u800C\u4E0B\u8005\u8C13\u4E4B\u5668","FontSize":16,"FontColor":{"ColorContext":null,"A":255,"R":255,"G":255,"B":255,"ScA":1,"ScR":1,"ScG":1,"ScB":1},"IsActive":false},"HideOnRule":false,"HidingRules":{"Mode":0,"IsReversed":false,"Groups":[{"Rules":[{"IsReversed":false,"Id":"","Settings":null,"IsActive":false}],"Mode":1,"IsReversed":false,"IsEnabled":true,"IsActive":false}],"IsActive":false},"IsResourceOverridingEnabled":false,"MainWindowSecondaryFontSize":14,"MainWindowBodyFontSize":16,"MainWindowEmphasizedFontSize":18,"MainWindowLargeFontSize":20,"IsCustomForegroundColorEnabled":false,"ForegroundColor":{"ColorContext":null,"A":255,"R":30,"G":144,"B":255,"ScA":1,"ScR":0.0129830325,"ScG":0.2788943,"ScB":1},"RelativeLineNumber":0,"IsMinWidthEnabled":false,"MinWidth":100,"IsMaxWidthEnabled":false,"MaxWidth":300,"IsFixedWidthEnabled":false,"FixedWidth":200,"HorizontalAlignment":3,"IsActive":false},{"Id":"ee8f66bd-c423-4e7c-ab46-aa9976b00e08","NameCache":"","Settings":{"TextContent":"A man\u0027s best friends are his ten fingers.","FontSize":16,"FontColor":{"ColorContext":null,"A":255,"R":255,"G":255,"B":255,"ScA":1,"ScR":1,"ScG":1,"ScB":1},"IsActive":false},"HideOnRule":false,"HidingRules":{"Mode":0,"IsReversed":false,"Groups":[{"Rules":[{"IsReversed":false,"Id":"","Settings":null,"IsActive":false}],"Mode":1,"IsReversed":false,"IsEnabled":true,"IsActive":false}],"IsActive":false},"IsResourceOverridingEnabled":false,"MainWindowSecondaryFontSize":14,"MainWindowBodyFontSize":16,"MainWindowEmphasizedFontSize":18,"MainWindowLargeFontSize":20,"IsCustomForegroundColorEnabled":false,"ForegroundColor":{"ColorContext":null,"A":255,"R":30,"G":144,"B":255,"ScA":1,"ScR":0.0129830325,"ScG":0.2788943,"ScB":1},"RelativeLineNumber":0,"IsMinWidthEnabled":false,"MinWidth":100,"IsMaxWidthEnabled":false,"MaxWidth":300,"IsFixedWidthEnabled":false,"FixedWidth":200,"HorizontalAlignment":3,"IsActive":false},{"Id":"ee8f66bd-c423-4e7c-ab46-aa9976b00e08","NameCache":"","Settings":{"TextContent":"\u8FD9\u91CC\u7684\u5185\u5BB9\u4E00\u5206\u949F\u4E00\u8F6E\u54E6\uFF1F","FontSize":16,"FontColor":{"ColorContext":null,"A":255,"R":255,"G":255,"B":255,"ScA":1,"ScR":1,"ScG":1,"ScB":1},"IsActive":false},"HideOnRule":false,"HidingRules":{"Mode":0,"IsReversed":false,"Groups":[{"Rules":[{"IsReversed":false,"Id":"","Settings":null,"IsActive":false}],"Mode":1,"IsReversed":false,"IsEnabled":true,"IsActive":false}],"IsActive":false},"IsResourceOverridingEnabled":false,"MainWindowSecondaryFontSize":14,"MainWindowBodyFontSize":16,"MainWindowEmphasizedFontSize":18,"MainWindowLargeFontSize":20,"IsCustomForegroundColorEnabled":false,"ForegroundColor":{"ColorContext":null,"A":255,"R":30,"G":144,"B":255,"ScA":1,"ScR":0.0129830325,"ScG":0.2788943,"ScB":1},"RelativeLineNumber":0,"IsMinWidthEnabled":false,"MinWidth":100,"IsMaxWidthEnabled":false,"MaxWidth":300,"IsFixedWidthEnabled":false,"FixedWidth":200,"HorizontalAlignment":3,"IsActive":false},{"Id":"ee8f66bd-c423-4e7c-ab46-aa9976b00e08","NameCache":"","Settings":{"TextContent":"\u5B87\u5B99\u8BF4\uFF1A\u6211\u7231\u4F60","FontSize":16,"FontColor":{"ColorContext":null,"A":255,"R":255,"G":255,"B":255,"ScA":1,"ScR":1,"ScG":1,"ScB":1},"IsActive":false},"HideOnRule":false,"HidingRules":{"Mode":0,"IsReversed":false,"Groups":[{"Rules":[{"IsReversed":false,"Id":"","Settings":null,"IsActive":false}],"Mode":1,"IsReversed":false,"IsEnabled":true,"IsActive":false}],"IsActive":false},"IsResourceOverridingEnabled":false,"MainWindowSecondaryFontSize":14,"MainWindowBodyFontSize":16,"MainWindowEmphasizedFontSize":18,"MainWindowLargeFontSize":20,"IsCustomForegroundColorEnabled":false,"ForegroundColor":{"ColorContext":null,"A":255,"R":30,"G":144,"B":255,"ScA":1,"ScR":0.0129830325,"ScG":0.2788943,"ScB":1},"RelativeLineNumber":0,"IsMinWidthEnabled":false,"MinWidth":100,"IsMaxWidthEnabled":false,"MaxWidth":300,"IsFixedWidthEnabled":false,"FixedWidth":200,"HorizontalAlignment":3,"IsActive":false},{"Id":"ee8f66bd-c423-4e7c-ab46-aa9976b00e08","NameCache":"","Settings":{"TextContent":"\u5B87\u5B99\u8BF4\u4F60\u4E0D\u662F\u5B64\u72EC\u7684","FontSize":16,"FontColor":{"ColorContext":null,"A":255,"R":255,"G":255,"B":255,"ScA":1,"ScR":1,"ScG":1,"ScB":1},"IsActive":false},"HideOnRule":false,"HidingRules":{"Mode":0,"IsReversed":false,"Groups":[{"Rules":[{"IsReversed":false,"Id":"","Settings":null,"IsActive":false}],"Mode":1,"IsReversed":false,"IsEnabled":true,"IsActive":false}],"IsActive":false},"IsResourceOverridingEnabled":false,"MainWindowSecondaryFontSize":14,"MainWindowBodyFontSize":16,"MainWindowEmphasizedFontSize":18,"MainWindowLargeFontSize":20,"IsCustomForegroundColorEnabled":false,"ForegroundColor":{"ColorContext":null,"A":255,"R":30,"G":144,"B":255,"ScA":1,"ScR":0.0129830325,"ScG":0.2788943,"ScB":1},"RelativeLineNumber":0,"IsMinWidthEnabled":false,"MinWidth":100,"IsMaxWidthEnabled":false,"MaxWidth":300,"IsFixedWidthEnabled":false,"FixedWidth":200,"HorizontalAlignment":3,"IsActive":false},{"Id":"ee8f66bd-c423-4e7c-ab46-aa9976b00e08","NameCache":"","Settings":{"TextContent":"Wake up.  \u8BE5\u9192\u4E86\u3002","FontSize":16,"FontColor":{"ColorContext":null,"A":255,"R":255,"G":255,"B":255,"ScA":1,"ScR":1,"ScG":1,"ScB":1},"IsActive":false},"HideOnRule":false,"HidingRules":{"Mode":0,"IsReversed":false,"Groups":[{"Rules":[{"IsReversed":false,"Id":"","Settings":null,"IsActive":false}],"Mode":1,"IsReversed":false,"IsEnabled":true,"IsActive":false}],"IsActive":false},"IsResourceOverridingEnabled":false,"MainWindowSecondaryFontSize":14,"MainWindowBodyFontSize":16,"MainWindowEmphasizedFontSize":18,"MainWindowLargeFontSize":20,"IsCustomForegroundColorEnabled":false,"ForegroundColor":{"ColorContext":null,"A":255,"R":30,"G":144,"B":255,"ScA":1,"ScR":0.0129830325,"ScG":0.2788943,"ScB":1},"RelativeLineNumber":0,"IsMinWidthEnabled":false,"MinWidth":100,"IsMaxWidthEnabled":false,"MaxWidth":300,"IsFixedWidthEnabled":false,"FixedWidth":200,"HorizontalAlignment":3,"IsActive":false},{"Id":"ee8f66bd-c423-4e7c-ab46-aa9976b00e08","NameCache":"","Settings":{"TextContent":"KISS : Keep it Simple and Stupid","FontSize":16,"FontColor":{"ColorContext":null,"A":255,"R":255,"G":255,"B":255,"ScA":1,"ScR":1,"ScG":1,"ScB":1},"IsActive":false},"HideOnRule":false,"HidingRules":{"Mode":0,"IsReversed":false,"Groups":[{"Rules":[{"IsReversed":false,"Id":"","Settings":null,"IsActive":false}],"Mode":1,"IsReversed":false,"IsEnabled":true,"IsActive":false}],"IsActive":false},"IsResourceOverridingEnabled":false,"MainWindowSecondaryFontSize":14,"MainWindowBodyFontSize":16,"MainWindowEmphasizedFontSize":18,"MainWindowLargeFontSize":20,"IsCustomForegroundColorEnabled":false,"ForegroundColor":{"ColorContext":null,"A":255,"R":30,"G":144,"B":255,"ScA":1,"ScR":0.0129830325,"ScG":0.2788943,"ScB":1},"RelativeLineNumber":0,"IsMinWidthEnabled":false,"MinWidth":100,"IsMaxWidthEnabled":false,"MaxWidth":300,"IsFixedWidthEnabled":false,"FixedWidth":200,"HorizontalAlignment":3,"IsActive":false},{"Id":"ee8f66bd-c423-4e7c-ab46-aa9976b00e08","NameCache":"","Settings":{"TextContent":"\u5982\u65E0\u5FC5\u8981\uFF0C\u52FF\u589E\u5B9E\u4F53","FontSize":16,"FontColor":{"ColorContext":null,"A":255,"R":255,"G":255,"B":255,"ScA":1,"ScR":1,"ScG":1,"ScB":1},"IsActive":false},"HideOnRule":false,"HidingRules":{"Mode":0,"IsReversed":false,"Groups":[{"Rules":[{"IsReversed":false,"Id":"","Settings":null,"IsActive":false}],"Mode":1,"IsReversed":false,"IsEnabled":true,"IsActive":false}],"IsActive":false},"IsResourceOverridingEnabled":false,"MainWindowSecondaryFontSize":14,"MainWindowBodyFontSize":16,"MainWindowEmphasizedFontSize":18,"MainWindowLargeFontSize":20,"IsCustomForegroundColorEnabled":false,"ForegroundColor":{"ColorContext":null,"A":255,"R":30,"G":144,"B":255,"ScA":1,"ScR":0.0129830325,"ScG":0.2788943,"ScB":1},"RelativeLineNumber":0,"IsMinWidthEnabled":false,"MinWidth":100,"IsMaxWidthEnabled":false,"MaxWidth":300,"IsFixedWidthEnabled":false,"FixedWidth":200,"HorizontalAlignment":3,"IsActive":false},{"Id":"7e19a113-d281-4f33-970a-834a0b78b5ad","NameCache":"","Settings":{"Children":[{"Id":"ee8f66bd-c423-4e7c-ab46-aa9976b00e08","NameCache":"","Settings":{"TextContent":"\u4E0D\u8981\u53CC\u624B\u5408\u5341  \u4E0D\u8981\u8DEA\u62DC\u4ED6","FontSize":16,"FontColor":{"ColorContext":null,"A":255,"R":255,"G":255,"B":255,"ScA":1,"ScR":1,"ScG":1,"ScB":1},"IsActive":false},"HideOnRule":false,"HidingRules":{"Mode":0,"IsReversed":false,"Groups":[{"Rules":[{"IsReversed":false,"Id":"","Settings":null,"IsActive":false}],"Mode":1,"IsReversed":false,"IsEnabled":true,"IsActive":false}],"IsActive":false},"IsResourceOverridingEnabled":false,"MainWindowSecondaryFontSize":14,"MainWindowBodyFontSize":16,"MainWindowEmphasizedFontSize":18,"MainWindowLargeFontSize":20,"IsCustomForegroundColorEnabled":false,"ForegroundColor":{"ColorContext":null,"A":255,"R":30,"G":144,"B":255,"ScA":1,"ScR":0.0129830325,"ScG":0.2788943,"ScB":1},"RelativeLineNumber":0,"IsMinWidthEnabled":false,"MinWidth":100,"IsMaxWidthEnabled":false,"MaxWidth":300,"IsFixedWidthEnabled":false,"FixedWidth":200,"HorizontalAlignment":3,"IsActive":false},{"Id":"ee8f66bd-c423-4e7c-ab46-aa9976b00e08","NameCache":"","Settings":{"TextContent":"\u4E0D\u8981\u628A\u4ED6\u6367\u6210\u65E0\u5BB3\u795E\u50CF","FontSize":16,"FontColor":{"ColorContext":null,"A":255,"R":255,"G":255,"B":255,"ScA":1,"ScR":1,"ScG":1,"ScB":1},"IsActive":false},"HideOnRule":false,"HidingRules":{"Mode":0,"IsReversed":false,"Groups":[{"Rules":[{"IsReversed":false,"Id":"","Settings":null,"IsActive":false}],"Mode":1,"IsReversed":false,"IsEnabled":true,"IsActive":false}],"IsActive":false},"IsResourceOverridingEnabled":false,"MainWindowSecondaryFontSize":14,"MainWindowBodyFontSize":16,"MainWindowEmphasizedFontSize":18,"MainWindowLargeFontSize":20,"IsCustomForegroundColorEnabled":false,"ForegroundColor":{"ColorContext":null,"A":255,"R":30,"G":144,"B":255,"ScA":1,"ScR":0.0129830325,"ScG":0.2788943,"ScB":1},"RelativeLineNumber":0,"IsMinWidthEnabled":false,"MinWidth":100,"IsMaxWidthEnabled":false,"MaxWidth":300,"IsFixedWidthEnabled":false,"FixedWidth":200,"HorizontalAlignment":3,"IsActive":false},{"Id":"ee8f66bd-c423-4e7c-ab46-aa9976b00e08","NameCache":"","Settings":{"TextContent":"\u4E0D\u8981\u7B49\u4ED6\u56DE\u6765","FontSize":16,"FontColor":{"ColorContext":null,"A":255,"R":255,"G":255,"B":255,"ScA":1,"ScR":1,"ScG":1,"ScB":1},"IsActive":false},"HideOnRule":false,"HidingRules":{"Mode":0,"IsReversed":false,"Groups":[{"Rules":[{"IsReversed":false,"Id":"","Settings":null,"IsActive":false}],"Mode":1,"IsReversed":false,"IsEnabled":true,"IsActive":false}],"IsActive":false},"IsResourceOverridingEnabled":false,"MainWindowSecondaryFontSize":14,"MainWindowBodyFontSize":16,"MainWindowEmphasizedFontSize":18,"MainWindowLargeFontSize":20,"IsCustomForegroundColorEnabled":false,"ForegroundColor":{"ColorContext":null,"A":255,"R":30,"G":144,"B":255,"ScA":1,"ScR":0.0129830325,"ScG":0.2788943,"ScB":1},"RelativeLineNumber":0,"IsMinWidthEnabled":false,"MinWidth":100,"IsMaxWidthEnabled":false,"MaxWidth":300,"IsFixedWidthEnabled":false,"FixedWidth":200,"HorizontalAlignment":3,"IsActive":false},{"Id":"ee8f66bd-c423-4e7c-ab46-aa9976b00e08","NameCache":"","Settings":{"TextContent":"\u8981\u5411\u4ED6\u656C\u4E2A\u793C \u8981\u558A\u4ED6\u4E00\u58F0\u540C\u5FD7","FontSize":16,"FontColor":{"ColorContext":null,"A":255,"R":255,"G":255,"B":255,"ScA":1,"ScR":1,"ScG":1,"ScB":1},"IsActive":false},"HideOnRule":false,"HidingRules":{"Mode":0,"IsReversed":false,"Groups":[{"Rules":[{"IsReversed":false,"Id":"","Settings":null,"IsActive":false}],"Mode":1,"IsReversed":false,"IsEnabled":true,"IsActive":false}],"IsActive":false},"IsResourceOverridingEnabled":false,"MainWindowSecondaryFontSize":14,"MainWindowBodyFontSize":16,"MainWindowEmphasizedFontSize":18,"MainWindowLargeFontSize":20,"IsCustomForegroundColorEnabled":false,"ForegroundColor":{"ColorContext":null,"A":255,"R":30,"G":144,"B":255,"ScA":1,"ScR":0.0129830325,"ScG":0.2788943,"ScB":1},"RelativeLineNumber":0,"IsMinWidthEnabled":false,"MinWidth":100,"IsMaxWidthEnabled":false,"MaxWidth":300,"IsFixedWidthEnabled":false,"FixedWidth":200,"HorizontalAlignment":3,"IsActive":false},{"Id":"ee8f66bd-c423-4e7c-ab46-aa9976b00e08","NameCache":"","Settings":{"TextContent":"\u8981\u4ECE\u4ED6\u624B\u4E2D\u63A5\u8FC7\u601D\u60F3\u6B66\u5668\u8981\u53BB\u6210\u4E3A\u4ED6\uFF01","FontSize":16,"FontColor":{"ColorContext":null,"A":255,"R":255,"G":255,"B":255,"ScA":1,"ScR":1,"ScG":1,"ScB":1},"IsActive":false},"HideOnRule":false,"HidingRules":{"Mode":0,"IsReversed":false,"Groups":[{"Rules":[{"IsReversed":false,"Id":"","Settings":null,"IsActive":false}],"Mode":1,"IsReversed":false,"IsEnabled":true,"IsActive":false}],"IsActive":false},"IsResourceOverridingEnabled":false,"MainWindowSecondaryFontSize":14,"MainWindowBodyFontSize":16,"MainWindowEmphasizedFontSize":18,"MainWindowLargeFontSize":20,"IsCustomForegroundColorEnabled":false,"ForegroundColor":{"ColorContext":null,"A":255,"R":30,"G":144,"B":255,"ScA":1,"ScR":0.0129830325,"ScG":0.2788943,"ScB":1},"RelativeLineNumber":0,"IsMinWidthEnabled":false,"MinWidth":100,"IsMaxWidthEnabled":false,"MaxWidth":300,"IsFixedWidthEnabled":false,"FixedWidth":200,"HorizontalAlignment":3,"IsActive":false}],"SlideSeconds":5,"SlideMode":0,"IsPauseOnRuleEnabled":false,"PauseRule":{"Mode":0,"IsReversed":false,"Groups":[{"Rules":[{"IsReversed":false,"Id":"","Settings":null,"IsActive":false}],"Mode":1,"IsReversed":false,"IsEnabled":true,"IsActive":false}],"IsActive":false},"IsStopOnRuleEnabled":false,"StopRule":{"Mode":0,"IsReversed":false,"Groups":[{"Rules":[{"IsReversed":false,"Id":"","Settings":null,"IsActive":false}],"Mode":1,"IsReversed":false,"IsEnabled":true,"IsActive":false}],"IsActive":false}},"HideOnRule":false,"HidingRules":{"Mode":0,"IsReversed":false,"Groups":[{"Rules":[{"IsReversed":false,"Id":"","Settings":null,"IsActive":false}],"Mode":1,"IsReversed":false,"IsEnabled":true,"IsActive":false}],"IsActive":false},"IsResourceOverridingEnabled":false,"MainWindowSecondaryFontSize":14,"MainWindowBodyFontSize":16,"MainWindowEmphasizedFontSize":18,"MainWindowLargeFontSize":20,"IsCustomForegroundColorEnabled":false,"ForegroundColor":{"ColorContext":null,"A":255,"R":30,"G":144,"B":255,"ScA":1,"ScR":0.0129830325,"ScG":0.2788943,"ScB":1},"RelativeLineNumber":0,"IsMinWidthEnabled":false,"MinWidth":100,"IsMaxWidthEnabled":false,"MaxWidth":300,"IsFixedWidthEnabled":false,"FixedWidth":200,"HorizontalAlignment":3,"IsActive":false},{"Id":"ee8f66bd-c423-4e7c-ab46-aa9976b00e08","NameCache":"","Settings":{"TextContent":"What\u0027s your name,pretty boy?","FontSize":16,"FontColor":{"ColorContext":null,"A":255,"R":255,"G":255,"B":255,"ScA":1,"ScR":1,"ScG":1,"ScB":1},"IsActive":false},"HideOnRule":false,"HidingRules":{"Mode":0,"IsReversed":false,"Groups":[{"Rules":[{"IsReversed":false,"Id":"","Settings":null,"IsActive":false}],"Mode":1,"IsReversed":false,"IsEnabled":true,"IsActive":false}],"IsActive":false},"IsResourceOverridingEnabled":false,"MainWindowSecondaryFontSize":14,"MainWindowBodyFontSize":16,"MainWindowEmphasizedFontSize":18,"MainWindowLargeFontSize":20,"IsCustomForegroundColorEnabled":false,"ForegroundColor":{"ColorContext":null,"A":255,"R":30,"G":144,"B":255,"ScA":1,"ScR":0.0129830325,"ScG":0.2788943,"ScB":1},"RelativeLineNumber":0,"IsMinWidthEnabled":false,"MinWidth":100,"IsMaxWidthEnabled":false,"MaxWidth":300,"IsFixedWidthEnabled":false,"FixedWidth":200,"HorizontalAlignment":3,"IsActive":false},{"Id":"ee8f66bd-c423-4e7c-ab46-aa9976b00e08","NameCache":"","Settings":{"TextContent":"2 Minutes Euphoria  2 \u5206\u95F4\u7684\u591A\u5E78\u611F","FontSize":16,"FontColor":{"ColorContext":null,"A":255,"R":255,"G":255,"B":255,"ScA":1,"ScR":1,"ScG":1,"ScB":1},"IsActive":false},"HideOnRule":false,"HidingRules":{"Mode":0,"IsReversed":false,"Groups":[{"Rules":[{"IsReversed":false,"Id":"","Settings":null,"IsActive":false}],"Mode":1,"IsReversed":false,"IsEnabled":true,"IsActive":false}],"IsActive":false},"IsResourceOverridingEnabled":false,"MainWindowSecondaryFontSize":14,"MainWindowBodyFontSize":16,"MainWindowEmphasizedFontSize":18,"MainWindowLargeFontSize":20,"IsCustomForegroundColorEnabled":false,"ForegroundColor":{"ColorContext":null,"A":255,"R":30,"G":144,"B":255,"ScA":1,"ScR":0.0129830325,"ScG":0.2788943,"ScB":1},"RelativeLineNumber":0,"IsMinWidthEnabled":false,"MinWidth":100,"IsMaxWidthEnabled":false,"MaxWidth":300,"IsFixedWidthEnabled":false,"FixedWidth":200,"HorizontalAlignment":3,"IsActive":false},{"Id":"ee8f66bd-c423-4e7c-ab46-aa9976b00e08","NameCache":"","Settings":{"TextContent":"Are you lost?  \u4F60\u8FF7\u5931\u4E86\uFF1F","FontSize":16,"FontColor":{"ColorContext":null,"A":255,"R":255,"G":255,"B":255,"ScA":1,"ScR":1,"ScG":1,"ScB":1},"IsActive":false},"HideOnRule":false,"HidingRules":{"Mode":0,"IsReversed":false,"Groups":[{"Rules":[{"IsReversed":false,"Id":"","Settings":null,"IsActive":false}],"Mode":1,"IsReversed":false,"IsEnabled":true,"IsActive":false}],"IsActive":false},"IsResourceOverridingEnabled":false,"MainWindowSecondaryFontSize":14,"MainWindowBodyFontSize":16,"MainWindowEmphasizedFontSize":18,"MainWindowLargeFontSize":20,"IsCustomForegroundColorEnabled":false,"ForegroundColor":{"ColorContext":null,"A":255,"R":30,"G":144,"B":255,"ScA":1,"ScR":0.0129830325,"ScG":0.2788943,"ScB":1},"RelativeLineNumber":0,"IsMinWidthEnabled":false,"MinWidth":100,"IsMaxWidthEnabled":false,"MaxWidth":300,"IsFixedWidthEnabled":false,"FixedWidth":200,"HorizontalAlignment":3,"IsActive":false},{"Id":"ee8f66bd-c423-4e7c-ab46-aa9976b00e08","NameCache":"","Settings":{"TextContent":"TGlrZSBEWUs= ==Err0r","FontSize":16,"FontColor":{"ColorContext":null,"A":255,"R":255,"G":255,"B":255,"ScA":1,"ScR":1,"ScG":1,"ScB":1},"IsActive":false},"HideOnRule":false,"HidingRules":{"Mode":0,"IsReversed":false,"Groups":[{"Rules":[{"IsReversed":false,"Id":"","Settings":null,"IsActive":false}],"Mode":1,"IsReversed":false,"IsEnabled":true,"IsActive":false}],"IsActive":false},"IsResourceOverridingEnabled":false,"MainWindowSecondaryFontSize":14,"MainWindowBodyFontSize":16,"MainWindowEmphasizedFontSize":18,"MainWindowLargeFontSize":20,"IsCustomForegroundColorEnabled":false,"ForegroundColor":{"ColorContext":null,"A":255,"R":30,"G":144,"B":255,"ScA":1,"ScR":0.0129830325,"ScG":0.2788943,"ScB":1},"RelativeLineNumber":0,"IsMinWidthEnabled":false,"MinWidth":100,"IsMaxWidthEnabled":false,"MaxWidth":300,"IsFixedWidthEnabled":false,"FixedWidth":200,"HorizontalAlignment":3,"IsActive":false},{"Id":"7e19a113-d281-4f33-970a-834a0b78b5ad","NameCache":"","Settings":{"Children":[{"Id":"ee8f66bd-c423-4e7c-ab46-aa9976b00e08","NameCache":"","Settings":{"TextContent":"Hello,world!","FontSize":16,"FontColor":{"ColorContext":null,"A":255,"R":255,"G":255,"B":255,"ScA":1,"ScR":1,"ScG":1,"ScB":1},"IsActive":false},"HideOnRule":false,"HidingRules":{"Mode":0,"IsReversed":false,"Groups":[{"Rules":[{"IsReversed":false,"Id":"","Settings":null,"IsActive":false}],"Mode":1,"IsReversed":false,"IsEnabled":true,"IsActive":false}],"IsActive":false},"IsResourceOverridingEnabled":false,"MainWindowSecondaryFontSize":14,"MainWindowBodyFontSize":16,"MainWindowEmphasizedFontSize":18,"MainWindowLargeFontSize":20,"IsCustomForegroundColorEnabled":false,"ForegroundColor":{"ColorContext":null,"A":255,"R":30,"G":144,"B":255,"ScA":1,"ScR":0.0129830325,"ScG":0.2788943,"ScB":1},"RelativeLineNumber":0,"IsMinWidthEnabled":false,"MinWidth":100,"IsMaxWidthEnabled":false,"MaxWidth":300,"IsFixedWidthEnabled":false,"FixedWidth":200,"HorizontalAlignment":3,"IsActive":false},{"Id":"ee8f66bd-c423-4e7c-ab46-aa9976b00e08","NameCache":"","Settings":{"TextContent":"WTF?!world!?","FontSize":16,"FontColor":{"ColorContext":null,"A":255,"R":255,"G":255,"B":255,"ScA":1,"ScR":1,"ScG":1,"ScB":1},"IsActive":false},"HideOnRule":false,"HidingRules":{"Mode":0,"IsReversed":false,"Groups":[{"Rules":[{"IsReversed":false,"Id":"","Settings":null,"IsActive":false}],"Mode":1,"IsReversed":false,"IsEnabled":true,"IsActive":false}],"IsActive":false},"IsResourceOverridingEnabled":false,"MainWindowSecondaryFontSize":14,"MainWindowBodyFontSize":16,"MainWindowEmphasizedFontSize":18,"MainWindowLargeFontSize":20,"IsCustomForegroundColorEnabled":false,"ForegroundColor":{"ColorContext":null,"A":255,"R":30,"G":144,"B":255,"ScA":1,"ScR":0.0129830325,"ScG":0.2788943,"ScB":1},"RelativeLineNumber":0,"IsMinWidthEnabled":false,"MinWidth":100,"IsMaxWidthEnabled":false,"MaxWidth":300,"IsFixedWidthEnabled":false,"FixedWidth":200,"HorizontalAlignment":3,"IsActive":false}],"SlideSeconds":30,"SlideMode":0,"IsPauseOnRuleEnabled":false,"PauseRule":{"Mode":0,"IsReversed":false,"Groups":[{"Rules":[{"IsReversed":false,"Id":"","Settings":null,"IsActive":false}],"Mode":1,"IsReversed":false,"IsEnabled":true,"IsActive":false}],"IsActive":false},"IsStopOnRuleEnabled":false,"StopRule":{"Mode":0,"IsReversed":false,"Groups":[{"Rules":[{"IsReversed":false,"Id":"","Settings":null,"IsActive":false}],"Mode":1,"IsReversed":false,"IsEnabled":true,"IsActive":false}],"IsActive":false}},"HideOnRule":false,"HidingRules":{"Mode":0,"IsReversed":false,"Groups":[{"Rules":[{"IsReversed":false,"Id":"","Settings":null,"IsActive":false}],"Mode":1,"IsReversed":false,"IsEnabled":true,"IsActive":false}],"IsActive":false},"IsResourceOverridingEnabled":false,"MainWindowSecondaryFontSize":14,"MainWindowBodyFontSize":16,"MainWindowEmphasizedFontSize":18,"MainWindowLargeFontSize":20,"IsCustomForegroundColorEnabled":false,"ForegroundColor":{"ColorContext":null,"A":255,"R":30,"G":144,"B":255,"ScA":1,"ScR":0.0129830325,"ScG":0.2788943,"ScB":1},"RelativeLineNumber":0,"IsMinWidthEnabled":false,"MinWidth":100,"IsMaxWidthEnabled":false,"MaxWidth":300,"IsFixedWidthEnabled":false,"FixedWidth":200,"HorizontalAlignment":3,"IsActive":false},{"Id":"ee8f66bd-c423-4e7c-ab46-aa9976b00e08","NameCache":"","Settings":{"TextContent":"\u4F60\u8BF4\u4F60\u4E0D\u60F3\u5728\u8FD9\u91CC","FontSize":16,"FontColor":{"ColorContext":null,"A":255,"R":255,"G":255,"B":255,"ScA":1,"ScR":1,"ScG":1,"ScB":1},"IsActive":false},"HideOnRule":false,"HidingRules":{"Mode":0,"IsReversed":false,"Groups":[{"Rules":[{"IsReversed":false,"Id":"","Settings":null,"IsActive":false}],"Mode":1,"IsReversed":false,"IsEnabled":true,"IsActive":false}],"IsActive":false},"IsResourceOverridingEnabled":false,"MainWindowSecondaryFontSize":14,"MainWindowBodyFontSize":16,"MainWindowEmphasizedFontSize":18,"MainWindowLargeFontSize":20,"IsCustomForegroundColorEnabled":false,"ForegroundColor":{"ColorContext":null,"A":255,"R":30,"G":144,"B":255,"ScA":1,"ScR":0.0129830325,"ScG":0.2788943,"ScB":1},"RelativeLineNumber":0,"IsMinWidthEnabled":false,"MinWidth":100,"IsMaxWidthEnabled":false,"MaxWidth":300,"IsFixedWidthEnabled":false,"FixedWidth":200,"HorizontalAlignment":3,"IsActive":false},{"Id":"ee8f66bd-c423-4e7c-ab46-aa9976b00e08","NameCache":"","Settings":{"TextContent":"{\u5360\u4F4D\u7B26}{\u5360\u4F4D\u7B26}","FontSize":16,"FontColor":{"ColorContext":null,"A":255,"R":255,"G":255,"B":255,"ScA":1,"ScR":1,"ScG":1,"ScB":1},"IsActive":false},"HideOnRule":false,"HidingRules":{"Mode":0,"IsReversed":false,"Groups":[{"Rules":[{"IsReversed":false,"Id":"","Settings":null,"IsActive":false}],"Mode":1,"IsReversed":false,"IsEnabled":true,"IsActive":false}],"IsActive":false},"IsResourceOverridingEnabled":false,"MainWindowSecondaryFontSize":14,"MainWindowBodyFontSize":16,"MainWindowEmphasizedFontSize":18,"MainWindowLargeFontSize":20,"IsCustomForegroundColorEnabled":false,"ForegroundColor":{"ColorContext":null,"A":255,"R":30,"G":144,"B":255,"ScA":1,"ScR":0.0129830325,"ScG":0.2788943,"ScB":1},"RelativeLineNumber":0,"IsMinWidthEnabled":false,"MinWidth":100,"IsMaxWidthEnabled":false,"MaxWidth":300,"IsFixedWidthEnabled":false,"FixedWidth":200,"HorizontalAlignment":3,"IsActive":false}],"SlideSeconds":60,"SlideMode":1,"IsPauseOnRuleEnabled":false,"PauseRule":{"Mode":0,"IsReversed":false,"Groups":[{"Rules":[{"IsReversed":false,"Id":"","Settings":null,"IsActive":false}],"Mode":1,"IsReversed":false,"IsEnabled":true,"IsActive":false}],"IsActive":false},"IsStopOnRuleEnabled":false,"StopRule":{"Mode":0,"IsReversed":false,"Groups":[{"Rules":[{"IsReversed":false,"Id":"","Settings":null,"IsActive":false}],"Mode":1,"IsReversed":false,"IsEnabled":true,"IsActive":false}],"IsActive":false}},"HideOnRule":false,"HidingRules":{"Mode":0,"IsReversed":false,"Groups":[{"Rules":[{"IsReversed":false,"Id":"","Settings":null,"IsActive":false}],"Mode":1,"IsReversed":false,"IsEnabled":true,"IsActive":false}],"IsActive":false},"IsResourceOverridingEnabled":false,"MainWindowSecondaryFontSize":14,"MainWindowBodyFontSize":16,"MainWindowEmphasizedFontSize":18,"MainWindowLargeFontSize":20,"IsCustomForegroundColorEnabled":false,"ForegroundColor":{"ColorContext":null,"A":255,"R":30,"G":144,"B":255,"ScA":1,"ScR":0.0129830325,"ScG":0.2788943,"ScB":1},"RelativeLineNumber":0,"IsMinWidthEnabled":false,"MinWidth":100,"IsMaxWidthEnabled":false,"MaxWidth":300,"IsFixedWidthEnabled":false,"FixedWidth":200,"HorizontalAlignment":3,"IsActive":false},{"Id":"ab0f26d5-9df6-4575-b844-73b04d0907c1","NameCache":"","Settings":null,"HideOnRule":false,"HidingRules":{"Mode":0,"IsReversed":false,"Groups":[{"Rules":[{"IsReversed":false,"Id":"","Settings":null,"IsActive":false}],"Mode":1,"IsReversed":false,"IsEnabled":true,"IsActive":false}],"IsActive":false},"IsResourceOverridingEnabled":false,"MainWindowSecondaryFontSize":14,"MainWindowBodyFontSize":16,"MainWindowEmphasizedFontSize":18,"MainWindowLargeFontSize":20,"IsCustomForegroundColorEnabled":false,"ForegroundColor":{"ColorContext":null,"A":255,"R":30,"G":144,"B":255,"ScA":1,"ScR":0.0129830325,"ScG":0.2788943,"ScB":1},"RelativeLineNumber":0,"IsMinWidthEnabled":false,"MinWidth":100,"IsMaxWidthEnabled":false,"MaxWidth":300,"IsFixedWidthEnabled":false,"FixedWidth":200,"HorizontalAlignment":3,"IsActive":false},{"Id":"1DB2017D-E374-4BC6-9D57-0B4ADF03A6B8","NameCache":"","Settings":{"ShowExtraInfoOnTimePoint":true,"ExtraInfoType":0,"IsCountdownEnabled":true,"CountdownSeconds":60,"ExtraInfo4ShowSecondsSeconds":0,"ScheduleSpacing":1,"ShowCurrentLessonOnlyOnClass":false,"IsNonExactCountdownEnabled":false,"ShowPlaceholderOnEmptyClassPlan":true,"PlaceholderTextNoClass":"\u4ECA\u5929\u6CA1\u6709\u8BFE\u7A0B\u3002","PlaceholderTextAllClassEnded":"\u4ECA\u65E5\u8BFE\u7A0B\u5DF2\u5168\u90E8\u7ED3\u675F\u3002","TomorrowScheduleShowMode":1,"HighlightChangedClass":false,"HideFinishedClass":false,"IsActive":false},"HideOnRule":false,"HidingRules":{"Mode":0,"IsReversed":false,"Groups":[{"Rules":[{"IsReversed":false,"Id":"","Settings":null,"IsActive":false}],"Mode":1,"IsReversed":false,"IsEnabled":true,"IsActive":false}],"IsActive":false},"IsResourceOverridingEnabled":false,"MainWindowSecondaryFontSize":14,"MainWindowBodyFontSize":16,"MainWindowEmphasizedFontSize":18,"MainWindowLargeFontSize":20,"IsCustomForegroundColorEnabled":false,"ForegroundColor":{"ColorContext":null,"A":255,"R":30,"G":144,"B":255,"ScA":1,"ScR":0.0129830325,"ScG":0.2788943,"ScB":1},"RelativeLineNumber":0,"IsMinWidthEnabled":false,"MinWidth":100,"IsMaxWidthEnabled":false,"MaxWidth":300,"IsFixedWidthEnabled":false,"FixedWidth":200,"HorizontalAlignment":3,"IsActive":false}]