[{"Id":"DF3F8295-21F6-482E-BADA-FA0E5F14BB66","NameCache":"","Settings":null,"HideOnRule":false,"HidingRules":{"Mode":0,"IsReversed":false,"Groups":[{"Rules":[{"IsReversed":false,"Id":"","Settings":null,"IsActive":false}],"Mode":1,"IsReversed":false,"IsEnabled":true,"IsActive":false}],"IsActive":false},"IsResourceOverridingEnabled":false,"MainWindowSecondaryFontSize":14,"MainWindowBodyFontSize":16,"MainWindowEmphasizedFontSize":18,"MainWindowLargeFontSize":20,"IsCustomForegroundColorEnabled":false,"ForegroundColor":{"ColorContext":null,"A":255,"R":30,"G":144,"B":255,"ScA":1,"ScR":0.0129830325,"ScG":0.2788943,"ScB":1},"RelativeLineNumber":0,"IsMinWidthEnabled":false,"MinWidth":100,"IsMaxWidthEnabled":false,"MaxWidth":300,"IsFixedWidthEnabled":false,"FixedWidth":200,"HorizontalAlignment":3,"IsActive":false},{"Id":"9e1af71d-8f77-4b21-a342-448787104dd9","NameCache":"","Settings":{"ShowSeconds":true,"ShowRealTime":false,"FlashTimeSeparator":true,"IsActive":false},"HideOnRule":false,"HidingRules":{"Mode":0,"IsReversed":false,"Groups":[{"Rules":[{"IsReversed":false,"Id":"","Settings":null,"IsActive":false}],"Mode":1,"IsReversed":false,"IsEnabled":true,"IsActive":false}],"IsActive":false},"IsResourceOverridingEnabled":false,"MainWindowSecondaryFontSize":14,"MainWindowBodyFontSize":16,"MainWindowEmphasizedFontSize":20,"MainWindowLargeFontSize":20,"IsCustomForegroundColorEnabled":false,"ForegroundColor":{"ColorContext":null,"A":255,"R":30,"G":144,"B":255,"ScA":1,"ScR":0.0129830325,"ScG":0.2788943,"ScB":1},"RelativeLineNumber":0,"IsMinWidthEnabled":false,"MinWidth":100,"IsMaxWidthEnabled":false,"MaxWidth":300,"IsFixedWidthEnabled":false,"FixedWidth":200,"HorizontalAlignment":3,"IsActive":false},{"Id":"ca495086-e297-4beb-9603-c5c1c1a8551e","NameCache":"","Settings":{"ShowAlerts":true,"AlertsTitleShowMode":1,"ShowRainTime":true,"IsActive":false},"HideOnRule":false,"HidingRules":{"Mode":0,"IsReversed":false,"Groups":[{"Rules":[{"IsReversed":false,"Id":"","Settings":null,"IsActive":false}],"Mode":1,"IsReversed":false,"IsEnabled":true,"IsActive":false}],"IsActive":false},"IsResourceOverridingEnabled":false,"MainWindowSecondaryFontSize":14,"MainWindowBodyFontSize":16,"MainWindowEmphasizedFontSize":18,"MainWindowLargeFontSize":20,"IsCustomForegroundColorEnabled":false,"ForegroundColor":{"ColorContext":null,"A":255,"R":30,"G":144,"B":255,"ScA":1,"ScR":0.0129830325,"ScG":0.2788943,"ScB":1},"RelativeLineNumber":-2,"IsMinWidthEnabled":false,"MinWidth":100,"IsMaxWidthEnabled":false,"MaxWidth":300,"IsFixedWidthEnabled":false,"FixedWidth":200,"HorizontalAlignment":3,"IsActive":false},{"Id":"ab0f26d5-9df6-4575-b844-73b04d0907c1","NameCache":"","Settings":null,"HideOnRule":false,"HidingRules":{"Mode":0,"IsReversed":false,"Groups":[{"Rules":[{"IsReversed":false,"Id":"","Settings":null,"IsActive":false}],"Mode":1,"IsReversed":false,"IsEnabled":true,"IsActive":false}],"IsActive":false},"IsResourceOverridingEnabled":false,"MainWindowSecondaryFontSize":14,"MainWindowBodyFontSize":16,"MainWindowEmphasizedFontSize":18,"MainWindowLargeFontSize":20,"IsCustomForegroundColorEnabled":false,"ForegroundColor":{"ColorContext":null,"A":255,"R":30,"G":144,"B":255,"ScA":1,"ScR":0.0129830325,"ScG":0.2788943,"ScB":1},"RelativeLineNumber":-2,"IsMinWidthEnabled":false,"MinWidth":100,"IsMaxWidthEnabled":false,"MaxWidth":300,"IsFixedWidthEnabled":false,"FixedWidth":200,"HorizontalAlignment":3,"IsActive":false},{"Id":"fbb380c2-5480-4fed-8349-ba5f4ead2688","NameCache":"","Settings":{"DataSource":-1,"HitokotoProp":"","LastUpdate":"2025-03-02T09:49:36.1303743+08:00","LengthLimitation":24,"UpdateTimeGap":"00:01:00","SainticProp":"","IsAnimationEnabled":true,"IsSwapAnimationEnabled":false},"HideOnRule":false,"HidingRules":{"Mode":0,"IsReversed":false,"Groups":[{"Rules":[{"IsReversed":false,"Id":"","Settings":null,"IsActive":false},{"IsReversed":false,"Id":"","Settings":null,"IsActive":false}],"Mode":1,"IsReversed":false,"IsEnabled":true,"IsActive":false}],"IsActive":false},"IsResourceOverridingEnabled":true,"MainWindowSecondaryFontSize":14,"MainWindowBodyFontSize":16,"MainWindowEmphasizedFontSize":18,"MainWindowLargeFontSize":16,"IsCustomForegroundColorEnabled":false,"ForegroundColor":{"ColorContext":null,"A":255,"R":30,"G":144,"B":255,"ScA":1,"ScR":0.0129830325,"ScG":0.2788943,"ScB":1},"RelativeLineNumber":-2,"IsMinWidthEnabled":false,"MinWidth":100,"IsMaxWidthEnabled":false,"MaxWidth":300,"IsFixedWidthEnabled":false,"FixedWidth":200,"HorizontalAlignment":3,"IsActive":false},{"Id":"ab0f26d5-9df6-4575-b844-73b04d0907c1","NameCache":"","Settings":null,"HideOnRule":false,"HidingRules":{"Mode":0,"IsReversed":false,"Groups":[{"Rules":[{"IsReversed":false,"Id":"","Settings":null,"IsActive":false}],"Mode":1,"IsReversed":false,"IsEnabled":true,"IsActive":false}],"IsActive":false},"IsResourceOverridingEnabled":false,"MainWindowSecondaryFontSize":14,"MainWindowBodyFontSize":16,"MainWindowEmphasizedFontSize":18,"MainWindowLargeFontSize":20,"IsCustomForegroundColorEnabled":false,"ForegroundColor":{"ColorContext":null,"A":255,"R":30,"G":144,"B":255,"ScA":1,"ScR":0.0129830325,"ScG":0.2788943,"ScB":1},"RelativeLineNumber":0,"IsMinWidthEnabled":false,"MinWidth":100,"IsMaxWidthEnabled":false,"MaxWidth":300,"IsFixedWidthEnabled":false,"FixedWidth":200,"HorizontalAlignment":3,"IsActive":false},{"Id":"1DB2017D-E374-4BC6-9D57-0B4ADF03A6B8","NameCache":"","Settings":{"ShowExtraInfoOnTimePoint":true,"ExtraInfoType":0,"IsCountdownEnabled":true,"CountdownSeconds":60,"ExtraInfo4ShowSecondsSeconds":0,"ScheduleSpacing":1,"ShowCurrentLessonOnlyOnClass":false,"IsNonExactCountdownEnabled":false,"ShowPlaceholderOnEmptyClassPlan":true,"PlaceholderTextNoClass":"\u4ECA\u5929\u6CA1\u6709\u8BFE\u7A0B\u3002","PlaceholderTextAllClassEnded":"\u4ECA\u65E5\u8BFE\u7A0B\u5DF2\u5168\u90E8\u7ED3\u675F\u3002","TomorrowScheduleShowMode":1,"HighlightChangedClass":false,"HideFinishedClass":false,"IsActive":false},"HideOnRule":false,"HidingRules":{"Mode":0,"IsReversed":false,"Groups":[{"Rules":[{"IsReversed":false,"Id":"","Settings":null,"IsActive":false}],"Mode":1,"IsReversed":false,"IsEnabled":true,"IsActive":false}],"IsActive":false},"IsResourceOverridingEnabled":false,"MainWindowSecondaryFontSize":14,"MainWindowBodyFontSize":16,"MainWindowEmphasizedFontSize":18,"MainWindowLargeFontSize":20,"IsCustomForegroundColorEnabled":false,"ForegroundColor":{"ColorContext":null,"A":255,"R":30,"G":144,"B":255,"ScA":1,"ScR":0.0129830325,"ScG":0.2788943,"ScB":1},"RelativeLineNumber":0,"IsMinWidthEnabled":false,"MinWidth":100,"IsMaxWidthEnabled":false,"MaxWidth":300,"IsFixedWidthEnabled":false,"FixedWidth":200,"HorizontalAlignment":3,"IsActive":false}]