[{"Ruleset":{"Mode":0,"IsReversed":true,"Groups":[{"Rules":[{"IsReversed":false,"Id":"","Settings":null,"IsActive":false}],"Mode":1,"IsReversed":false,"IsEnabled":true,"IsActive":false}],"IsActive":false},"ActionSet":{"IsEnabled":true,"Name":"\u65F6\u95F4\u9519\u8BEF","Guid":"7927f989-1430-4c9d-b357-54ca3406ec6b","IsOn":false,"Actions":[{"Id":"classisland.action.sleep","Settings":{"Value":10,"IsActive":false},"IsActive":false},{"Id":"classisland.showNotification","Settings":{"Content":"\u5F53\u524D\u6267\u884C\u7684\u65F6\u95F4\u8868\u57FA\u4E8E\u63A8\u6D4B\u751F\u6210\uFF0C\u4EC5\u4F9B\u53C2\u8003\uFF0C\u4E0D\u4FDD\u8BC1\u51C6\u786E\u6027\u3002","Mask":"\u6CE8\u610F\uFF01","IsContentSpeechEnabled":false,"IsMaskSpeechEnabled":false,"IsAdvancedSettingsEnabled":true,"IsSoundEffectEnabled":true,"IsTopmostEnabled":true,"CustomSoundEffectPath":"C:\\Windows\\Media\\Windows Message Nudge.wav","IsEffectEnabled":false,"MaskDurationSeconds":3,"ContentDurationSeconds":10,"IsActive":false},"IsActive":false}],"IsRevertEnabled":true,"IsActive":false},"Triggers":[{"Id":"classisland.lessons.onBreakingTime","Settings":null,"IsActive":false}],"IsConditionEnabled":false,"IsActive":false}]