{"Themes":[{"DownloadUrl":"{root}/HelloWRC/FluentThemes/releases/download/1.0.0.1/FluentCompacted.zip","DownloadMd5":"D007F5F135AB634568D48AB3AC5C90AF","Manifest":{"Id":"dev.hellowrc.fluent.compacted","Description":"Fluent \u98CE\u683C\u4E3B\u9898\uFF08\u7D27\u51D1\u7248\u672C\uFF09","Version":"1.0.0.1","Name":"Fluent Compacted","Author":"HelloWRC","Url":"https://github.com/HelloWRC/FluentThemes","Banner":"banner.png","IsActive":false},"RealBannerPath":"{root}/HelloWRC/FluentThemes/raw/master/FluentCompacted/banner.png","DownloadCount":2795,"StarsCount":3,"IsActive":false},{"DownloadUrl":"{root}/HelloWRC/FluentThemes/releases/download/1.0.0.1/Fluent.zip","DownloadMd5":"EEA3D601A5403DFC30AE7DBA9760CB31","Manifest":{"Id":"dev.hellowrc.fluent","Description":"Fluent \u98CE\u683C\u4E3B\u9898","Version":"1.0.0.1","Name":"Fluent","Author":"HelloWRC","Url":"https://github.com/HelloWRC/FluentThemes","Banner":"banner.png","IsActive":false},"RealBannerPath":"{root}/HelloWRC/FluentThemes/raw/master/Fluent/banner.png","DownloadCount":2795,"StarsCount":3,"IsActive":false},{"DownloadUrl":"{root}/ClassIsland/ClassIsland.ThemeLoader/releases/download/0.0.0.0/TestTheme.zip","DownloadMd5":"1261e8136a4b71e2f08b3c0265ea4f39","Manifest":{"Id":"examples.testTheme","Description":"\u6D4B\u8BD5\u7528\u4E3B\u9898","Version":"0.0.0.0","Name":"TestTheme","Author":"HelloWRC","Url":"https://github.com/ClassIsland/ClassIsland.ThemeLoader","Banner":"","IsActive":false},"RealBannerPath":"{root}/ClassIsland/ClassIsland.ThemeLoader/raw/master/examples/TestTheme/","DownloadCount":3977,"StarsCount":12,"IsActive":false}]}