{"Themes":[{"DownloadUrl":"{root}/ClassIsland/ClassIsland.ThemeLoader/releases/download/0.0.0.0/TestTheme.zip","DownloadMd5":"1261e8136a4b71e2f08b3c0265ea4f39","Manifest":{"Id":"examples.testTheme","Description":"\u6D4B\u8BD5\u7528\u4E3B\u9898","Version":"0.0.0.0","Name":"TestTheme","Author":"HelloWRC","Url":"https://github.com/ClassIsland/ClassIsland.ThemeLoader","Banner":"","IsActive":false},"RealBannerPath":"{root}/ClassIsland/ClassIsland.ThemeLoader/raw/master/examples/TestTheme/","DownloadCount":2406,"StarsCount":11,"IsActive":false}]}