{"Name":"","TimeLayouts":{"87481648-d667-4f66-b6fb-5cd7bbbda042":{"Name":"Default","Layouts":[{"StartSecond":"2024-12-13T06:10:00+08:00","EndSecond":"2024-12-13T07:00:00+08:00","TimeType":0,"IsHideDefault":false,"DefaultClassId":"","BreakName":"","AttachedObjects":{"08f0d9c3-c770-4093-a3d0-02f3d90c24bc":{"IsClassOnNotificationEnabled":true,"IsClassOnPreparingNotificationEnabled":true,"IsClassOffNotificationEnabled":true,"ClassPreparingDeltaTime":60,"ClassOnPreparingText":"\u51C6\u5907\u4E0A\u8BFE\uFF0C\u8BF7\u56DE\u5230\u5EA7\u4F4D\u5E76\u4FDD\u6301\u5B89\u9759\uFF0C\u505A\u597D\u4E0A\u8BFE\u51C6\u5907\u3002","ClassOnPreparingMaskText":"\u5373\u5C06\u4E0A\u8BFE","ClassOnMaskText":"\u4E0A\u8BFE","ClassOffMaskText":"\u8BFE\u95F4\u4F11\u606F","IsAttachSettingsEnabled":false,"IsActive":false},"58e5b69a-764a-472b-bcf7-003b6a8c7fdf":{"IsAttachSettingsEnabled":false,"ShowExtraInfoOnTimePoint":true,"ExtraInfoType":0,"IsCountdownEnabled":true,"CountdownSeconds":60,"ExtraInfo4ShowSecondsSeconds":0,"ScheduleSpacing":1,"ShowCurrentLessonOnlyOnClass":false,"IsActive":false},"7625de96-38aa-4b71-b478-3f156dd9458d":{"AlertShowMode":2,"ForecastShowMode":2,"IsAttachSettingsEnabled":true,"IsActive":false}},"IsActive":false},{"StartSecond":"2024-12-13T07:00:00+08:00","EndSecond":"2024-12-13T07:30:00+08:00","TimeType":1,"IsHideDefault":false,"DefaultClassId":"","BreakName":"","AttachedObjects":{"08f0d9c3-c770-4093-a3d0-02f3d90c24bc":{"IsClassOnNotificationEnabled":true,"IsClassOnPreparingNotificationEnabled":true,"IsClassOffNotificationEnabled":true,"ClassPreparingDeltaTime":60,"ClassOnPreparingText":"\u51C6\u5907\u4E0A\u8BFE\uFF0C\u8BF7\u56DE\u5230\u5EA7\u4F4D\u5E76\u4FDD\u6301\u5B89\u9759\uFF0C\u505A\u597D\u4E0A\u8BFE\u51C6\u5907\u3002","ClassOnPreparingMaskText":"\u5373\u5C06\u4E0A\u8BFE","ClassOnMaskText":"\u4E0A\u8BFE","ClassOffMaskText":"\u8BFE\u95F4\u4F11\u606F","IsAttachSettingsEnabled":false,"IsActive":false},"58e5b69a-764a-472b-bcf7-003b6a8c7fdf":{"IsAttachSettingsEnabled":false,"ShowExtraInfoOnTimePoint":true,"ExtraInfoType":0,"IsCountdownEnabled":true,"CountdownSeconds":60,"ExtraInfo4ShowSecondsSeconds":0,"ScheduleSpacing":1,"ShowCurrentLessonOnlyOnClass":false,"IsActive":false},"7625de96-38aa-4b71-b478-3f156dd9458d":{"AlertShowMode":2,"ForecastShowMode":2,"IsAttachSettingsEnabled":true,"IsActive":false}},"IsActive":false},{"StartSecond":"2024-12-13T07:30:00+08:00","EndSecond":"2024-12-13T08:15:00+08:00","TimeType":0,"IsHideDefault":false,"DefaultClassId":"","BreakName":"","AttachedObjects":{"08f0d9c3-c770-4093-a3d0-02f3d90c24bc":{"IsClassOnNotificationEnabled":true,"IsClassOnPreparingNotificationEnabled":true,"IsClassOffNotificationEnabled":true,"ClassPreparingDeltaTime":60,"ClassOnPreparingText":"\u51C6\u5907\u4E0A\u8BFE\uFF0C\u8BF7\u56DE\u5230\u5EA7\u4F4D\u5E76\u4FDD\u6301\u5B89\u9759\uFF0C\u505A\u597D\u4E0A\u8BFE\u51C6\u5907\u3002","ClassOnPreparingMaskText":"\u5373\u5C06\u4E0A\u8BFE","ClassOnMaskText":"\u4E0A\u8BFE","ClassOffMaskText":"\u8BFE\u95F4\u4F11\u606F","IsAttachSettingsEnabled":false,"IsActive":false},"58e5b69a-764a-472b-bcf7-003b6a8c7fdf":{"IsAttachSettingsEnabled":false,"ShowExtraInfoOnTimePoint":true,"ExtraInfoType":0,"IsCountdownEnabled":true,"CountdownSeconds":60,"ExtraInfo4ShowSecondsSeconds":0,"ScheduleSpacing":1,"ShowCurrentLessonOnlyOnClass":false,"IsActive":false},"7625de96-38aa-4b71-b478-3f156dd9458d":{"AlertShowMode":2,"ForecastShowMode":2,"IsAttachSettingsEnabled":true,"IsActive":false}},"IsActive":false},{"StartSecond":"2024-12-13T08:15:00+08:00","EndSecond":"2024-12-13T08:25:00+08:00","TimeType":1,"IsHideDefault":false,"DefaultClassId":"","BreakName":"","AttachedObjects":{"08f0d9c3-c770-4093-a3d0-02f3d90c24bc":{"IsClassOnNotificationEnabled":true,"IsClassOnPreparingNotificationEnabled":true,"IsClassOffNotificationEnabled":true,"ClassPreparingDeltaTime":60,"ClassOnPreparingText":"\u51C6\u5907\u4E0A\u8BFE\uFF0C\u8BF7\u56DE\u5230\u5EA7\u4F4D\u5E76\u4FDD\u6301\u5B89\u9759\uFF0C\u505A\u597D\u4E0A\u8BFE\u51C6\u5907\u3002","ClassOnPreparingMaskText":"\u5373\u5C06\u4E0A\u8BFE","ClassOnMaskText":"\u4E0A\u8BFE","ClassOffMaskText":"\u8BFE\u95F4\u4F11\u606F","IsAttachSettingsEnabled":false,"IsActive":false},"58e5b69a-764a-472b-bcf7-003b6a8c7fdf":{"IsAttachSettingsEnabled":false,"ShowExtraInfoOnTimePoint":true,"ExtraInfoType":0,"IsCountdownEnabled":true,"CountdownSeconds":60,"ExtraInfo4ShowSecondsSeconds":0,"ScheduleSpacing":1,"ShowCurrentLessonOnlyOnClass":false,"IsActive":false},"7625de96-38aa-4b71-b478-3f156dd9458d":{"AlertShowMode":2,"ForecastShowMode":2,"IsAttachSettingsEnabled":true,"IsActive":false}},"IsActive":false},{"StartSecond":"2024-12-13T08:25:00+08:00","EndSecond":"2024-12-13T09:05:00+08:00","TimeType":0,"IsHideDefault":false,"DefaultClassId":"","BreakName":"","AttachedObjects":{"08f0d9c3-c770-4093-a3d0-02f3d90c24bc":{"IsClassOnNotificationEnabled":true,"IsClassOnPreparingNotificationEnabled":true,"IsClassOffNotificationEnabled":true,"ClassPreparingDeltaTime":60,"ClassOnPreparingText":"\u51C6\u5907\u4E0A\u8BFE\uFF0C\u8BF7\u56DE\u5230\u5EA7\u4F4D\u5E76\u4FDD\u6301\u5B89\u9759\uFF0C\u505A\u597D\u4E0A\u8BFE\u51C6\u5907\u3002","ClassOnPreparingMaskText":"\u5373\u5C06\u4E0A\u8BFE","ClassOnMaskText":"\u4E0A\u8BFE","ClassOffMaskText":"\u8BFE\u95F4\u4F11\u606F","IsAttachSettingsEnabled":false,"IsActive":false},"58e5b69a-764a-472b-bcf7-003b6a8c7fdf":{"IsAttachSettingsEnabled":false,"ShowExtraInfoOnTimePoint":true,"ExtraInfoType":0,"IsCountdownEnabled":true,"CountdownSeconds":60,"ExtraInfo4ShowSecondsSeconds":0,"ScheduleSpacing":1,"ShowCurrentLessonOnlyOnClass":false,"IsActive":false},"7625de96-38aa-4b71-b478-3f156dd9458d":{"AlertShowMode":2,"ForecastShowMode":2,"IsAttachSettingsEnabled":true,"IsActive":false}},"IsActive":false},{"StartSecond":"2024-12-13T09:05:00+08:00","EndSecond":"2024-12-13T09:15:00+08:00","TimeType":1,"IsHideDefault":false,"DefaultClassId":"","BreakName":"","AttachedObjects":{"08f0d9c3-c770-4093-a3d0-02f3d90c24bc":{"IsClassOnNotificationEnabled":true,"IsClassOnPreparingNotificationEnabled":true,"IsClassOffNotificationEnabled":true,"ClassPreparingDeltaTime":60,"ClassOnPreparingText":"\u51C6\u5907\u4E0A\u8BFE\uFF0C\u8BF7\u56DE\u5230\u5EA7\u4F4D\u5E76\u4FDD\u6301\u5B89\u9759\uFF0C\u505A\u597D\u4E0A\u8BFE\u51C6\u5907\u3002","ClassOnPreparingMaskText":"\u5373\u5C06\u4E0A\u8BFE","ClassOnMaskText":"\u4E0A\u8BFE","ClassOffMaskText":"\u8BFE\u95F4\u4F11\u606F","IsAttachSettingsEnabled":false,"IsActive":false},"58e5b69a-764a-472b-bcf7-003b6a8c7fdf":{"IsAttachSettingsEnabled":false,"ShowExtraInfoOnTimePoint":true,"ExtraInfoType":0,"IsCountdownEnabled":true,"CountdownSeconds":60,"ExtraInfo4ShowSecondsSeconds":0,"ScheduleSpacing":1,"ShowCurrentLessonOnlyOnClass":false,"IsActive":false},"7625de96-38aa-4b71-b478-3f156dd9458d":{"AlertShowMode":2,"ForecastShowMode":2,"IsAttachSettingsEnabled":true,"IsActive":false}},"IsActive":false},{"StartSecond":"2024-12-13T09:15:00+08:00","EndSecond":"2024-12-13T09:55:00+08:00","TimeType":0,"IsHideDefault":false,"DefaultClassId":"","BreakName":"","AttachedObjects":{"08f0d9c3-c770-4093-a3d0-02f3d90c24bc":{"IsClassOnNotificationEnabled":true,"IsClassOnPreparingNotificationEnabled":true,"IsClassOffNotificationEnabled":true,"ClassPreparingDeltaTime":60,"ClassOnPreparingText":"\u51C6\u5907\u4E0A\u8BFE\uFF0C\u8BF7\u56DE\u5230\u5EA7\u4F4D\u5E76\u4FDD\u6301\u5B89\u9759\uFF0C\u505A\u597D\u4E0A\u8BFE\u51C6\u5907\u3002","ClassOnPreparingMaskText":"\u5373\u5C06\u4E0A\u8BFE","ClassOnMaskText":"\u4E0A\u8BFE","ClassOffMaskText":"\u8BFE\u95F4\u4F11\u606F","IsAttachSettingsEnabled":false,"IsActive":false},"58e5b69a-764a-472b-bcf7-003b6a8c7fdf":{"IsAttachSettingsEnabled":false,"ShowExtraInfoOnTimePoint":true,"ExtraInfoType":0,"IsCountdownEnabled":true,"CountdownSeconds":60,"ExtraInfo4ShowSecondsSeconds":0,"ScheduleSpacing":1,"ShowCurrentLessonOnlyOnClass":false,"IsActive":false},"7625de96-38aa-4b71-b478-3f156dd9458d":{"AlertShowMode":2,"ForecastShowMode":2,"IsAttachSettingsEnabled":true,"IsActive":false}},"IsActive":false},{"StartSecond":"2024-12-13T09:55:00+08:00","EndSecond":"2024-12-13T10:15:00+08:00","TimeType":1,"IsHideDefault":false,"DefaultClassId":"","BreakName":"","AttachedObjects":{"08f0d9c3-c770-4093-a3d0-02f3d90c24bc":{"IsClassOnNotificationEnabled":true,"IsClassOnPreparingNotificationEnabled":true,"IsClassOffNotificationEnabled":true,"ClassPreparingDeltaTime":60,"ClassOnPreparingText":"\u51C6\u5907\u4E0A\u8BFE\uFF0C\u8BF7\u56DE\u5230\u5EA7\u4F4D\u5E76\u4FDD\u6301\u5B89\u9759\uFF0C\u505A\u597D\u4E0A\u8BFE\u51C6\u5907\u3002","ClassOnPreparingMaskText":"\u5373\u5C06\u4E0A\u8BFE","ClassOnMaskText":"\u4E0A\u8BFE","ClassOffMaskText":"\u8BFE\u95F4\u4F11\u606F","IsAttachSettingsEnabled":false,"IsActive":false},"58e5b69a-764a-472b-bcf7-003b6a8c7fdf":{"IsAttachSettingsEnabled":false,"ShowExtraInfoOnTimePoint":true,"ExtraInfoType":0,"IsCountdownEnabled":true,"CountdownSeconds":60,"ExtraInfo4ShowSecondsSeconds":0,"ScheduleSpacing":1,"ShowCurrentLessonOnlyOnClass":false,"IsActive":false},"7625de96-38aa-4b71-b478-3f156dd9458d":{"AlertShowMode":2,"ForecastShowMode":2,"IsAttachSettingsEnabled":true,"IsActive":false}},"IsActive":false},{"StartSecond":"2024-12-13T10:15:00+08:00","EndSecond":"2024-12-13T10:55:00+08:00","TimeType":0,"IsHideDefault":false,"DefaultClassId":"","BreakName":"","AttachedObjects":{"08f0d9c3-c770-4093-a3d0-02f3d90c24bc":{"IsClassOnNotificationEnabled":true,"IsClassOnPreparingNotificationEnabled":true,"IsClassOffNotificationEnabled":true,"ClassPreparingDeltaTime":60,"ClassOnPreparingText":"\u51C6\u5907\u4E0A\u8BFE\uFF0C\u8BF7\u56DE\u5230\u5EA7\u4F4D\u5E76\u4FDD\u6301\u5B89\u9759\uFF0C\u505A\u597D\u4E0A\u8BFE\u51C6\u5907\u3002","ClassOnPreparingMaskText":"\u5373\u5C06\u4E0A\u8BFE","ClassOnMaskText":"\u4E0A\u8BFE","ClassOffMaskText":"\u8BFE\u95F4\u4F11\u606F","IsAttachSettingsEnabled":false,"IsActive":false},"58e5b69a-764a-472b-bcf7-003b6a8c7fdf":{"IsAttachSettingsEnabled":false,"ShowExtraInfoOnTimePoint":true,"ExtraInfoType":0,"IsCountdownEnabled":true,"CountdownSeconds":60,"ExtraInfo4ShowSecondsSeconds":0,"ScheduleSpacing":1,"ShowCurrentLessonOnlyOnClass":false,"IsActive":false},"7625de96-38aa-4b71-b478-3f156dd9458d":{"AlertShowMode":2,"ForecastShowMode":2,"IsAttachSettingsEnabled":true,"IsActive":false}},"IsActive":false},{"StartSecond":"2024-12-13T10:55:00+08:00","EndSecond":"2024-12-13T11:05:00+08:00","TimeType":1,"IsHideDefault":false,"DefaultClassId":"","BreakName":"","AttachedObjects":{"08f0d9c3-c770-4093-a3d0-02f3d90c24bc":{"IsClassOnNotificationEnabled":true,"IsClassOnPreparingNotificationEnabled":true,"IsClassOffNotificationEnabled":true,"ClassPreparingDeltaTime":60,"ClassOnPreparingText":"\u51C6\u5907\u4E0A\u8BFE\uFF0C\u8BF7\u56DE\u5230\u5EA7\u4F4D\u5E76\u4FDD\u6301\u5B89\u9759\uFF0C\u505A\u597D\u4E0A\u8BFE\u51C6\u5907\u3002","ClassOnPreparingMaskText":"\u5373\u5C06\u4E0A\u8BFE","ClassOnMaskText":"\u4E0A\u8BFE","ClassOffMaskText":"\u8BFE\u95F4\u4F11\u606F","IsAttachSettingsEnabled":false,"IsActive":false},"58e5b69a-764a-472b-bcf7-003b6a8c7fdf":{"IsAttachSettingsEnabled":false,"ShowExtraInfoOnTimePoint":true,"ExtraInfoType":0,"IsCountdownEnabled":true,"CountdownSeconds":60,"ExtraInfo4ShowSecondsSeconds":0,"ScheduleSpacing":1,"ShowCurrentLessonOnlyOnClass":false,"IsActive":false},"7625de96-38aa-4b71-b478-3f156dd9458d":{"AlertShowMode":2,"ForecastShowMode":2,"IsAttachSettingsEnabled":true,"IsActive":false}},"IsActive":false},{"StartSecond":"2024-12-13T11:05:00+08:00","EndSecond":"2024-12-13T12:00:00+08:00","TimeType":0,"IsHideDefault":false,"DefaultClassId":"","BreakName":"","AttachedObjects":{"08f0d9c3-c770-4093-a3d0-02f3d90c24bc":{"IsClassOnNotificationEnabled":true,"IsClassOnPreparingNotificationEnabled":true,"IsClassOffNotificationEnabled":true,"ClassPreparingDeltaTime":60,"ClassOnPreparingText":"\u51C6\u5907\u4E0A\u8BFE\uFF0C\u8BF7\u56DE\u5230\u5EA7\u4F4D\u5E76\u4FDD\u6301\u5B89\u9759\uFF0C\u505A\u597D\u4E0A\u8BFE\u51C6\u5907\u3002","ClassOnPreparingMaskText":"\u5373\u5C06\u4E0A\u8BFE","ClassOnMaskText":"\u4E0A\u8BFE","ClassOffMaskText":"\u8BFE\u95F4\u4F11\u606F","IsAttachSettingsEnabled":false,"IsActive":false},"58e5b69a-764a-472b-bcf7-003b6a8c7fdf":{"IsAttachSettingsEnabled":false,"ShowExtraInfoOnTimePoint":true,"ExtraInfoType":0,"IsCountdownEnabled":true,"CountdownSeconds":60,"ExtraInfo4ShowSecondsSeconds":0,"ScheduleSpacing":1,"ShowCurrentLessonOnlyOnClass":false,"IsActive":false},"7625de96-38aa-4b71-b478-3f156dd9458d":{"AlertShowMode":2,"ForecastShowMode":2,"IsAttachSettingsEnabled":true,"IsActive":false}},"IsActive":false},{"StartSecond":"2024-12-13T12:00:00+08:00","EndSecond":"2024-12-13T12:35:00+08:00","TimeType":1,"IsHideDefault":false,"DefaultClassId":"","BreakName":"","AttachedObjects":{"08f0d9c3-c770-4093-a3d0-02f3d90c24bc":{"IsClassOnNotificationEnabled":true,"IsClassOnPreparingNotificationEnabled":true,"IsClassOffNotificationEnabled":true,"ClassPreparingDeltaTime":60,"ClassOnPreparingText":"\u51C6\u5907\u4E0A\u8BFE\uFF0C\u8BF7\u56DE\u5230\u5EA7\u4F4D\u5E76\u4FDD\u6301\u5B89\u9759\uFF0C\u505A\u597D\u4E0A\u8BFE\u51C6\u5907\u3002","ClassOnPreparingMaskText":"\u5373\u5C06\u4E0A\u8BFE","ClassOnMaskText":"\u4E0A\u8BFE","ClassOffMaskText":"\u8BFE\u95F4\u4F11\u606F","IsAttachSettingsEnabled":false,"IsActive":false},"58e5b69a-764a-472b-bcf7-003b6a8c7fdf":{"IsAttachSettingsEnabled":false,"ShowExtraInfoOnTimePoint":true,"ExtraInfoType":0,"IsCountdownEnabled":true,"CountdownSeconds":60,"ExtraInfo4ShowSecondsSeconds":0,"ScheduleSpacing":1,"ShowCurrentLessonOnlyOnClass":false,"IsActive":false},"7625de96-38aa-4b71-b478-3f156dd9458d":{"AlertShowMode":2,"ForecastShowMode":2,"IsAttachSettingsEnabled":true,"IsActive":false}},"IsActive":false},{"StartSecond":"2024-12-13T12:35:00+08:00","EndSecond":"2024-12-13T13:20:00+08:00","TimeType":1,"IsHideDefault":false,"DefaultClassId":"","BreakName":"","AttachedObjects":{"08f0d9c3-c770-4093-a3d0-02f3d90c24bc":{"IsClassOnNotificationEnabled":true,"IsClassOnPreparingNotificationEnabled":true,"IsClassOffNotificationEnabled":true,"ClassPreparingDeltaTime":60,"ClassOnPreparingText":"\u51C6\u5907\u4E0A\u8BFE\uFF0C\u8BF7\u56DE\u5230\u5EA7\u4F4D\u5E76\u4FDD\u6301\u5B89\u9759\uFF0C\u505A\u597D\u4E0A\u8BFE\u51C6\u5907\u3002","ClassOnPreparingMaskText":"\u5373\u5C06\u4E0A\u8BFE","ClassOnMaskText":"\u4E0A\u8BFE","ClassOffMaskText":"\u8BFE\u95F4\u4F11\u606F","IsAttachSettingsEnabled":false,"IsActive":false},"58e5b69a-764a-472b-bcf7-003b6a8c7fdf":{"IsAttachSettingsEnabled":false,"ShowExtraInfoOnTimePoint":true,"ExtraInfoType":0,"IsCountdownEnabled":true,"CountdownSeconds":60,"ExtraInfo4ShowSecondsSeconds":0,"ScheduleSpacing":1,"ShowCurrentLessonOnlyOnClass":false,"IsActive":false},"7625de96-38aa-4b71-b478-3f156dd9458d":{"AlertShowMode":2,"ForecastShowMode":2,"IsAttachSettingsEnabled":true,"IsActive":false}},"IsActive":false},{"StartSecond":"2024-12-13T13:20:00+08:00","EndSecond":"2024-12-13T13:35:00+08:00","TimeType":1,"IsHideDefault":false,"DefaultClassId":"","BreakName":"","AttachedObjects":{"08f0d9c3-c770-4093-a3d0-02f3d90c24bc":{"IsClassOnNotificationEnabled":true,"IsClassOnPreparingNotificationEnabled":true,"IsClassOffNotificationEnabled":true,"ClassPreparingDeltaTime":60,"ClassOnPreparingText":"\u51C6\u5907\u4E0A\u8BFE\uFF0C\u8BF7\u56DE\u5230\u5EA7\u4F4D\u5E76\u4FDD\u6301\u5B89\u9759\uFF0C\u505A\u597D\u4E0A\u8BFE\u51C6\u5907\u3002","ClassOnPreparingMaskText":"\u5373\u5C06\u4E0A\u8BFE","ClassOnMaskText":"\u4E0A\u8BFE","ClassOffMaskText":"\u8BFE\u95F4\u4F11\u606F","IsAttachSettingsEnabled":false,"IsActive":false},"58e5b69a-764a-472b-bcf7-003b6a8c7fdf":{"IsAttachSettingsEnabled":false,"ShowExtraInfoOnTimePoint":true,"ExtraInfoType":0,"IsCountdownEnabled":true,"CountdownSeconds":60,"ExtraInfo4ShowSecondsSeconds":0,"ScheduleSpacing":1,"ShowCurrentLessonOnlyOnClass":false,"IsActive":false},"7625de96-38aa-4b71-b478-3f156dd9458d":{"AlertShowMode":2,"ForecastShowMode":2,"IsAttachSettingsEnabled":true,"IsActive":false}},"IsActive":false},{"StartSecond":"2024-12-13T13:35:00+08:00","EndSecond":"2024-12-13T14:15:00+08:00","TimeType":0,"IsHideDefault":false,"DefaultClassId":"","BreakName":"","AttachedObjects":{"08f0d9c3-c770-4093-a3d0-02f3d90c24bc":{"IsClassOnNotificationEnabled":true,"IsClassOnPreparingNotificationEnabled":true,"IsClassOffNotificationEnabled":true,"ClassPreparingDeltaTime":60,"ClassOnPreparingText":"\u51C6\u5907\u4E0A\u8BFE\uFF0C\u8BF7\u56DE\u5230\u5EA7\u4F4D\u5E76\u4FDD\u6301\u5B89\u9759\uFF0C\u505A\u597D\u4E0A\u8BFE\u51C6\u5907\u3002","ClassOnPreparingMaskText":"\u5373\u5C06\u4E0A\u8BFE","ClassOnMaskText":"\u4E0A\u8BFE","ClassOffMaskText":"\u8BFE\u95F4\u4F11\u606F","IsAttachSettingsEnabled":false,"IsActive":false},"58e5b69a-764a-472b-bcf7-003b6a8c7fdf":{"IsAttachSettingsEnabled":false,"ShowExtraInfoOnTimePoint":true,"ExtraInfoType":0,"IsCountdownEnabled":true,"CountdownSeconds":60,"ExtraInfo4ShowSecondsSeconds":0,"ScheduleSpacing":1,"ShowCurrentLessonOnlyOnClass":false,"IsActive":false},"7625de96-38aa-4b71-b478-3f156dd9458d":{"AlertShowMode":2,"ForecastShowMode":2,"IsAttachSettingsEnabled":true,"IsActive":false}},"IsActive":false},{"StartSecond":"2024-12-13T14:15:00+08:00","EndSecond":"2024-12-13T14:25:00+08:00","TimeType":1,"IsHideDefault":false,"DefaultClassId":"","BreakName":"","AttachedObjects":{"08f0d9c3-c770-4093-a3d0-02f3d90c24bc":{"IsClassOnNotificationEnabled":true,"IsClassOnPreparingNotificationEnabled":true,"IsClassOffNotificationEnabled":true,"ClassPreparingDeltaTime":60,"ClassOnPreparingText":"\u51C6\u5907\u4E0A\u8BFE\uFF0C\u8BF7\u56DE\u5230\u5EA7\u4F4D\u5E76\u4FDD\u6301\u5B89\u9759\uFF0C\u505A\u597D\u4E0A\u8BFE\u51C6\u5907\u3002","ClassOnPreparingMaskText":"\u5373\u5C06\u4E0A\u8BFE","ClassOnMaskText":"\u4E0A\u8BFE","ClassOffMaskText":"\u8BFE\u95F4\u4F11\u606F","IsAttachSettingsEnabled":false,"IsActive":false},"58e5b69a-764a-472b-bcf7-003b6a8c7fdf":{"IsAttachSettingsEnabled":false,"ShowExtraInfoOnTimePoint":true,"ExtraInfoType":0,"IsCountdownEnabled":true,"CountdownSeconds":60,"ExtraInfo4ShowSecondsSeconds":0,"ScheduleSpacing":1,"ShowCurrentLessonOnlyOnClass":false,"IsActive":false},"7625de96-38aa-4b71-b478-3f156dd9458d":{"AlertShowMode":2,"ForecastShowMode":2,"IsAttachSettingsEnabled":true,"IsActive":false}},"IsActive":false},{"StartSecond":"2024-12-13T14:25:00+08:00","EndSecond":"2024-12-13T15:05:00+08:00","TimeType":0,"IsHideDefault":false,"DefaultClassId":"","BreakName":"","AttachedObjects":{"08f0d9c3-c770-4093-a3d0-02f3d90c24bc":{"IsClassOnNotificationEnabled":true,"IsClassOnPreparingNotificationEnabled":true,"IsClassOffNotificationEnabled":true,"ClassPreparingDeltaTime":60,"ClassOnPreparingText":"\u51C6\u5907\u4E0A\u8BFE\uFF0C\u8BF7\u56DE\u5230\u5EA7\u4F4D\u5E76\u4FDD\u6301\u5B89\u9759\uFF0C\u505A\u597D\u4E0A\u8BFE\u51C6\u5907\u3002","ClassOnPreparingMaskText":"\u5373\u5C06\u4E0A\u8BFE","ClassOnMaskText":"\u4E0A\u8BFE","ClassOffMaskText":"\u8BFE\u95F4\u4F11\u606F","IsAttachSettingsEnabled":false,"IsActive":false},"58e5b69a-764a-472b-bcf7-003b6a8c7fdf":{"IsAttachSettingsEnabled":false,"ShowExtraInfoOnTimePoint":true,"ExtraInfoType":0,"IsCountdownEnabled":true,"CountdownSeconds":60,"ExtraInfo4ShowSecondsSeconds":0,"ScheduleSpacing":1,"ShowCurrentLessonOnlyOnClass":false,"IsActive":false},"7625de96-38aa-4b71-b478-3f156dd9458d":{"AlertShowMode":2,"ForecastShowMode":2,"IsAttachSettingsEnabled":true,"IsActive":false}},"IsActive":false},{"StartSecond":"2024-12-13T15:05:00+08:00","EndSecond":"2024-12-13T15:15:00+08:00","TimeType":1,"IsHideDefault":false,"DefaultClassId":"","BreakName":"","AttachedObjects":{"08f0d9c3-c770-4093-a3d0-02f3d90c24bc":{"IsClassOnNotificationEnabled":true,"IsClassOnPreparingNotificationEnabled":true,"IsClassOffNotificationEnabled":true,"ClassPreparingDeltaTime":60,"ClassOnPreparingText":"\u51C6\u5907\u4E0A\u8BFE\uFF0C\u8BF7\u56DE\u5230\u5EA7\u4F4D\u5E76\u4FDD\u6301\u5B89\u9759\uFF0C\u505A\u597D\u4E0A\u8BFE\u51C6\u5907\u3002","ClassOnPreparingMaskText":"\u5373\u5C06\u4E0A\u8BFE","ClassOnMaskText":"\u4E0A\u8BFE","ClassOffMaskText":"\u8BFE\u95F4\u4F11\u606F","IsAttachSettingsEnabled":false,"IsActive":false},"58e5b69a-764a-472b-bcf7-003b6a8c7fdf":{"IsAttachSettingsEnabled":false,"ShowExtraInfoOnTimePoint":true,"ExtraInfoType":0,"IsCountdownEnabled":true,"CountdownSeconds":60,"ExtraInfo4ShowSecondsSeconds":0,"ScheduleSpacing":1,"ShowCurrentLessonOnlyOnClass":false,"IsActive":false},"7625de96-38aa-4b71-b478-3f156dd9458d":{"AlertShowMode":2,"ForecastShowMode":2,"IsAttachSettingsEnabled":true,"IsActive":false}},"IsActive":false},{"StartSecond":"2024-12-13T15:15:00+08:00","EndSecond":"2024-12-13T15:55:00+08:00","TimeType":0,"IsHideDefault":false,"DefaultClassId":"","BreakName":"","AttachedObjects":{"08f0d9c3-c770-4093-a3d0-02f3d90c24bc":{"IsClassOnNotificationEnabled":true,"IsClassOnPreparingNotificationEnabled":true,"IsClassOffNotificationEnabled":true,"ClassPreparingDeltaTime":60,"ClassOnPreparingText":"\u51C6\u5907\u4E0A\u8BFE\uFF0C\u8BF7\u56DE\u5230\u5EA7\u4F4D\u5E76\u4FDD\u6301\u5B89\u9759\uFF0C\u505A\u597D\u4E0A\u8BFE\u51C6\u5907\u3002","ClassOnPreparingMaskText":"\u5373\u5C06\u4E0A\u8BFE","ClassOnMaskText":"\u4E0A\u8BFE","ClassOffMaskText":"\u8BFE\u95F4\u4F11\u606F","IsAttachSettingsEnabled":false,"IsActive":false},"58e5b69a-764a-472b-bcf7-003b6a8c7fdf":{"IsAttachSettingsEnabled":false,"ShowExtraInfoOnTimePoint":true,"ExtraInfoType":0,"IsCountdownEnabled":true,"CountdownSeconds":60,"ExtraInfo4ShowSecondsSeconds":0,"ScheduleSpacing":1,"ShowCurrentLessonOnlyOnClass":false,"IsActive":false},"7625de96-38aa-4b71-b478-3f156dd9458d":{"AlertShowMode":2,"ForecastShowMode":2,"IsAttachSettingsEnabled":true,"IsActive":false}},"IsActive":false},{"StartSecond":"2024-12-13T15:55:00+08:00","EndSecond":"2024-12-13T16:05:00+08:00","TimeType":1,"IsHideDefault":false,"DefaultClassId":"","BreakName":"","AttachedObjects":{"08f0d9c3-c770-4093-a3d0-02f3d90c24bc":{"IsClassOnNotificationEnabled":true,"IsClassOnPreparingNotificationEnabled":true,"IsClassOffNotificationEnabled":true,"ClassPreparingDeltaTime":60,"ClassOnPreparingText":"\u51C6\u5907\u4E0A\u8BFE\uFF0C\u8BF7\u56DE\u5230\u5EA7\u4F4D\u5E76\u4FDD\u6301\u5B89\u9759\uFF0C\u505A\u597D\u4E0A\u8BFE\u51C6\u5907\u3002","ClassOnPreparingMaskText":"\u5373\u5C06\u4E0A\u8BFE","ClassOnMaskText":"\u4E0A\u8BFE","ClassOffMaskText":"\u8BFE\u95F4\u4F11\u606F","IsAttachSettingsEnabled":false,"IsActive":false},"58e5b69a-764a-472b-bcf7-003b6a8c7fdf":{"IsAttachSettingsEnabled":false,"ShowExtraInfoOnTimePoint":true,"ExtraInfoType":0,"IsCountdownEnabled":true,"CountdownSeconds":60,"ExtraInfo4ShowSecondsSeconds":0,"ScheduleSpacing":1,"ShowCurrentLessonOnlyOnClass":false,"IsActive":false},"7625de96-38aa-4b71-b478-3f156dd9458d":{"AlertShowMode":2,"ForecastShowMode":2,"IsAttachSettingsEnabled":true,"IsActive":false}},"IsActive":false},{"StartSecond":"2024-12-13T16:05:00+08:00","EndSecond":"2024-12-13T16:45:00+08:00","TimeType":0,"IsHideDefault":false,"DefaultClassId":"","BreakName":"","AttachedObjects":{"08f0d9c3-c770-4093-a3d0-02f3d90c24bc":{"IsClassOnNotificationEnabled":true,"IsClassOnPreparingNotificationEnabled":true,"IsClassOffNotificationEnabled":true,"ClassPreparingDeltaTime":60,"ClassOnPreparingText":"\u51C6\u5907\u4E0A\u8BFE\uFF0C\u8BF7\u56DE\u5230\u5EA7\u4F4D\u5E76\u4FDD\u6301\u5B89\u9759\uFF0C\u505A\u597D\u4E0A\u8BFE\u51C6\u5907\u3002","ClassOnPreparingMaskText":"\u5373\u5C06\u4E0A\u8BFE","ClassOnMaskText":"\u4E0A\u8BFE","ClassOffMaskText":"\u8BFE\u95F4\u4F11\u606F","IsAttachSettingsEnabled":false,"IsActive":false},"58e5b69a-764a-472b-bcf7-003b6a8c7fdf":{"IsAttachSettingsEnabled":false,"ShowExtraInfoOnTimePoint":true,"ExtraInfoType":0,"IsCountdownEnabled":true,"CountdownSeconds":60,"ExtraInfo4ShowSecondsSeconds":0,"ScheduleSpacing":1,"ShowCurrentLessonOnlyOnClass":false,"IsActive":false},"7625de96-38aa-4b71-b478-3f156dd9458d":{"AlertShowMode":2,"ForecastShowMode":2,"IsAttachSettingsEnabled":true,"IsActive":false}},"IsActive":false},{"StartSecond":"2024-12-13T16:45:00+08:00","EndSecond":"2024-12-13T17:00:00+08:00","TimeType":1,"IsHideDefault":false,"DefaultClassId":"","BreakName":"","AttachedObjects":{"08f0d9c3-c770-4093-a3d0-02f3d90c24bc":{"IsClassOnNotificationEnabled":true,"IsClassOnPreparingNotificationEnabled":true,"IsClassOffNotificationEnabled":true,"ClassPreparingDeltaTime":60,"ClassOnPreparingText":"\u51C6\u5907\u4E0A\u8BFE\uFF0C\u8BF7\u56DE\u5230\u5EA7\u4F4D\u5E76\u4FDD\u6301\u5B89\u9759\uFF0C\u505A\u597D\u4E0A\u8BFE\u51C6\u5907\u3002","ClassOnPreparingMaskText":"\u5373\u5C06\u4E0A\u8BFE","ClassOnMaskText":"\u4E0A\u8BFE","ClassOffMaskText":"\u8BFE\u95F4\u4F11\u606F","IsAttachSettingsEnabled":false,"IsActive":false},"58e5b69a-764a-472b-bcf7-003b6a8c7fdf":{"IsAttachSettingsEnabled":false,"ShowExtraInfoOnTimePoint":true,"ExtraInfoType":0,"IsCountdownEnabled":true,"CountdownSeconds":60,"ExtraInfo4ShowSecondsSeconds":0,"ScheduleSpacing":1,"ShowCurrentLessonOnlyOnClass":false,"IsActive":false},"7625de96-38aa-4b71-b478-3f156dd9458d":{"AlertShowMode":2,"ForecastShowMode":2,"IsAttachSettingsEnabled":true,"IsActive":false}},"IsActive":false},{"StartSecond":"2024-12-13T17:00:00+08:00","EndSecond":"2024-12-13T17:45:00+08:00","TimeType":0,"IsHideDefault":false,"DefaultClassId":"","BreakName":"","AttachedObjects":{"08f0d9c3-c770-4093-a3d0-02f3d90c24bc":{"IsClassOnNotificationEnabled":true,"IsClassOnPreparingNotificationEnabled":true,"IsClassOffNotificationEnabled":true,"ClassPreparingDeltaTime":60,"ClassOnPreparingText":"\u51C6\u5907\u4E0A\u8BFE\uFF0C\u8BF7\u56DE\u5230\u5EA7\u4F4D\u5E76\u4FDD\u6301\u5B89\u9759\uFF0C\u505A\u597D\u4E0A\u8BFE\u51C6\u5907\u3002","ClassOnPreparingMaskText":"\u5373\u5C06\u4E0A\u8BFE","ClassOnMaskText":"\u4E0A\u8BFE","ClassOffMaskText":"\u8BFE\u95F4\u4F11\u606F","IsAttachSettingsEnabled":false,"IsActive":false},"58e5b69a-764a-472b-bcf7-003b6a8c7fdf":{"IsAttachSettingsEnabled":false,"ShowExtraInfoOnTimePoint":true,"ExtraInfoType":0,"IsCountdownEnabled":true,"CountdownSeconds":60,"ExtraInfo4ShowSecondsSeconds":0,"ScheduleSpacing":1,"ShowCurrentLessonOnlyOnClass":false,"IsActive":false},"7625de96-38aa-4b71-b478-3f156dd9458d":{"AlertShowMode":2,"ForecastShowMode":2,"IsAttachSettingsEnabled":true,"IsActive":false}},"IsActive":false}],"AttachedObjects":{"8fbc3a26-6d20-44dd-b895-b9411e3ddc51":{"IsEnabled":true,"NotificationMsg":"\u4ECA\u5929\u7684\u8BFE\u7A0B\u5DF2\u7ED3\u675F\uFF0C\u6211\u4EEC\u7EC8\u5C06\u81EA\u7531\uFF01","IsAttachSettingsEnabled":true,"IsActive":false},"08f0d9c3-c770-4093-a3d0-02f3d90c24bc":{"IsClassOnNotificationEnabled":true,"IsClassOnPreparingNotificationEnabled":true,"IsClassOffNotificationEnabled":true,"ClassPreparingDeltaTime":60,"ClassOnPreparingText":"","ClassOnPreparingMaskText":"\u5373\u5C06\u4E0A\u8BFE","ClassOnMaskText":"\u4E0A\u8BFE","ClassOffMaskText":"\u8BFE\u95F4\u4F11\u606F","IsAttachSettingsEnabled":true,"IsActive":false},"58e5b69a-764a-472b-bcf7-003b6a8c7fdf":{"IsAttachSettingsEnabled":true,"ShowExtraInfoOnTimePoint":true,"ExtraInfoType":2,"IsCountdownEnabled":true,"CountdownSeconds":60,"ExtraInfo4ShowSecondsSeconds":0,"ScheduleSpacing":1,"ShowCurrentLessonOnlyOnClass":false,"IsActive":false}},"IsActive":false},"40a84e0f-088d-44cf-bcef-927006357cc9":{"Name":"Default-5","Layouts":[{"StartSecond":"2024-12-13T06:10:00+08:00","EndSecond":"2024-12-13T07:00:00+08:00","TimeType":0,"IsHideDefault":false,"DefaultClassId":"","BreakName":"","AttachedObjects":{"08f0d9c3-c770-4093-a3d0-02f3d90c24bc":{"IsClassOnNotificationEnabled":true,"IsClassOnPreparingNotificationEnabled":true,"IsClassOffNotificationEnabled":true,"ClassPreparingDeltaTime":60,"ClassOnPreparingText":"\u51C6\u5907\u4E0A\u8BFE\uFF0C\u8BF7\u56DE\u5230\u5EA7\u4F4D\u5E76\u4FDD\u6301\u5B89\u9759\uFF0C\u505A\u597D\u4E0A\u8BFE\u51C6\u5907\u3002","ClassOnPreparingMaskText":"\u5373\u5C06\u4E0A\u8BFE","ClassOnMaskText":"\u4E0A\u8BFE","ClassOffMaskText":"\u8BFE\u95F4\u4F11\u606F","IsAttachSettingsEnabled":false,"IsActive":false},"58e5b69a-764a-472b-bcf7-003b6a8c7fdf":{"IsAttachSettingsEnabled":false,"ShowExtraInfoOnTimePoint":true,"ExtraInfoType":0,"IsCountdownEnabled":true,"CountdownSeconds":60,"ExtraInfo4ShowSecondsSeconds":0,"ScheduleSpacing":1,"ShowCurrentLessonOnlyOnClass":false,"IsActive":false},"7625de96-38aa-4b71-b478-3f156dd9458d":{"AlertShowMode":2,"ForecastShowMode":2,"IsAttachSettingsEnabled":true,"IsActive":false}},"IsActive":false},{"StartSecond":"2024-12-13T07:00:00+08:00","EndSecond":"2024-12-13T07:30:00+08:00","TimeType":1,"IsHideDefault":false,"DefaultClassId":"","BreakName":"","AttachedObjects":{"08f0d9c3-c770-4093-a3d0-02f3d90c24bc":{"IsClassOnNotificationEnabled":true,"IsClassOnPreparingNotificationEnabled":true,"IsClassOffNotificationEnabled":true,"ClassPreparingDeltaTime":60,"ClassOnPreparingText":"\u51C6\u5907\u4E0A\u8BFE\uFF0C\u8BF7\u56DE\u5230\u5EA7\u4F4D\u5E76\u4FDD\u6301\u5B89\u9759\uFF0C\u505A\u597D\u4E0A\u8BFE\u51C6\u5907\u3002","ClassOnPreparingMaskText":"\u5373\u5C06\u4E0A\u8BFE","ClassOnMaskText":"\u4E0A\u8BFE","ClassOffMaskText":"\u8BFE\u95F4\u4F11\u606F","IsAttachSettingsEnabled":false,"IsActive":false},"58e5b69a-764a-472b-bcf7-003b6a8c7fdf":{"IsAttachSettingsEnabled":false,"ShowExtraInfoOnTimePoint":true,"ExtraInfoType":0,"IsCountdownEnabled":true,"CountdownSeconds":60,"ExtraInfo4ShowSecondsSeconds":0,"ScheduleSpacing":1,"ShowCurrentLessonOnlyOnClass":false,"IsActive":false},"7625de96-38aa-4b71-b478-3f156dd9458d":{"AlertShowMode":2,"ForecastShowMode":2,"IsAttachSettingsEnabled":true,"IsActive":false}},"IsActive":false},{"StartSecond":"2024-12-13T07:30:00+08:00","EndSecond":"2024-12-13T08:15:00+08:00","TimeType":0,"IsHideDefault":false,"DefaultClassId":"","BreakName":"","AttachedObjects":{"08f0d9c3-c770-4093-a3d0-02f3d90c24bc":{"IsClassOnNotificationEnabled":true,"IsClassOnPreparingNotificationEnabled":true,"IsClassOffNotificationEnabled":true,"ClassPreparingDeltaTime":60,"ClassOnPreparingText":"\u51C6\u5907\u4E0A\u8BFE\uFF0C\u8BF7\u56DE\u5230\u5EA7\u4F4D\u5E76\u4FDD\u6301\u5B89\u9759\uFF0C\u505A\u597D\u4E0A\u8BFE\u51C6\u5907\u3002","ClassOnPreparingMaskText":"\u5373\u5C06\u4E0A\u8BFE","ClassOnMaskText":"\u4E0A\u8BFE","ClassOffMaskText":"\u8BFE\u95F4\u4F11\u606F","IsAttachSettingsEnabled":false,"IsActive":false},"58e5b69a-764a-472b-bcf7-003b6a8c7fdf":{"IsAttachSettingsEnabled":false,"ShowExtraInfoOnTimePoint":true,"ExtraInfoType":0,"IsCountdownEnabled":true,"CountdownSeconds":60,"ExtraInfo4ShowSecondsSeconds":0,"ScheduleSpacing":1,"ShowCurrentLessonOnlyOnClass":false,"IsActive":false},"7625de96-38aa-4b71-b478-3f156dd9458d":{"AlertShowMode":2,"ForecastShowMode":2,"IsAttachSettingsEnabled":true,"IsActive":false}},"IsActive":false},{"StartSecond":"2024-12-13T08:15:00+08:00","EndSecond":"2024-12-13T08:25:00+08:00","TimeType":1,"IsHideDefault":false,"DefaultClassId":"","BreakName":"","AttachedObjects":{"08f0d9c3-c770-4093-a3d0-02f3d90c24bc":{"IsClassOnNotificationEnabled":true,"IsClassOnPreparingNotificationEnabled":true,"IsClassOffNotificationEnabled":true,"ClassPreparingDeltaTime":60,"ClassOnPreparingText":"\u51C6\u5907\u4E0A\u8BFE\uFF0C\u8BF7\u56DE\u5230\u5EA7\u4F4D\u5E76\u4FDD\u6301\u5B89\u9759\uFF0C\u505A\u597D\u4E0A\u8BFE\u51C6\u5907\u3002","ClassOnPreparingMaskText":"\u5373\u5C06\u4E0A\u8BFE","ClassOnMaskText":"\u4E0A\u8BFE","ClassOffMaskText":"\u8BFE\u95F4\u4F11\u606F","IsAttachSettingsEnabled":false,"IsActive":false},"58e5b69a-764a-472b-bcf7-003b6a8c7fdf":{"IsAttachSettingsEnabled":false,"ShowExtraInfoOnTimePoint":true,"ExtraInfoType":0,"IsCountdownEnabled":true,"CountdownSeconds":60,"ExtraInfo4ShowSecondsSeconds":0,"ScheduleSpacing":1,"ShowCurrentLessonOnlyOnClass":false,"IsActive":false},"7625de96-38aa-4b71-b478-3f156dd9458d":{"AlertShowMode":2,"ForecastShowMode":2,"IsAttachSettingsEnabled":true,"IsActive":false}},"IsActive":false},{"StartSecond":"2024-12-13T08:25:00+08:00","EndSecond":"2024-12-13T09:05:00+08:00","TimeType":0,"IsHideDefault":false,"DefaultClassId":"","BreakName":"","AttachedObjects":{"08f0d9c3-c770-4093-a3d0-02f3d90c24bc":{"IsClassOnNotificationEnabled":true,"IsClassOnPreparingNotificationEnabled":true,"IsClassOffNotificationEnabled":true,"ClassPreparingDeltaTime":60,"ClassOnPreparingText":"\u51C6\u5907\u4E0A\u8BFE\uFF0C\u8BF7\u56DE\u5230\u5EA7\u4F4D\u5E76\u4FDD\u6301\u5B89\u9759\uFF0C\u505A\u597D\u4E0A\u8BFE\u51C6\u5907\u3002","ClassOnPreparingMaskText":"\u5373\u5C06\u4E0A\u8BFE","ClassOnMaskText":"\u4E0A\u8BFE","ClassOffMaskText":"\u8BFE\u95F4\u4F11\u606F","IsAttachSettingsEnabled":false,"IsActive":false},"58e5b69a-764a-472b-bcf7-003b6a8c7fdf":{"IsAttachSettingsEnabled":false,"ShowExtraInfoOnTimePoint":true,"ExtraInfoType":0,"IsCountdownEnabled":true,"CountdownSeconds":60,"ExtraInfo4ShowSecondsSeconds":0,"ScheduleSpacing":1,"ShowCurrentLessonOnlyOnClass":false,"IsActive":false},"7625de96-38aa-4b71-b478-3f156dd9458d":{"AlertShowMode":2,"ForecastShowMode":2,"IsAttachSettingsEnabled":true,"IsActive":false}},"IsActive":false},{"StartSecond":"2024-12-13T09:05:00+08:00","EndSecond":"2024-12-13T09:15:00+08:00","TimeType":1,"IsHideDefault":false,"DefaultClassId":"","BreakName":"","AttachedObjects":{"08f0d9c3-c770-4093-a3d0-02f3d90c24bc":{"IsClassOnNotificationEnabled":true,"IsClassOnPreparingNotificationEnabled":true,"IsClassOffNotificationEnabled":true,"ClassPreparingDeltaTime":60,"ClassOnPreparingText":"\u51C6\u5907\u4E0A\u8BFE\uFF0C\u8BF7\u56DE\u5230\u5EA7\u4F4D\u5E76\u4FDD\u6301\u5B89\u9759\uFF0C\u505A\u597D\u4E0A\u8BFE\u51C6\u5907\u3002","ClassOnPreparingMaskText":"\u5373\u5C06\u4E0A\u8BFE","ClassOnMaskText":"\u4E0A\u8BFE","ClassOffMaskText":"\u8BFE\u95F4\u4F11\u606F","IsAttachSettingsEnabled":false,"IsActive":false},"58e5b69a-764a-472b-bcf7-003b6a8c7fdf":{"IsAttachSettingsEnabled":false,"ShowExtraInfoOnTimePoint":true,"ExtraInfoType":0,"IsCountdownEnabled":true,"CountdownSeconds":60,"ExtraInfo4ShowSecondsSeconds":0,"ScheduleSpacing":1,"ShowCurrentLessonOnlyOnClass":false,"IsActive":false},"7625de96-38aa-4b71-b478-3f156dd9458d":{"AlertShowMode":2,"ForecastShowMode":2,"IsAttachSettingsEnabled":true,"IsActive":false}},"IsActive":false},{"StartSecond":"2024-12-13T09:15:00+08:00","EndSecond":"2024-12-13T09:55:00+08:00","TimeType":0,"IsHideDefault":false,"DefaultClassId":"","BreakName":"","AttachedObjects":{"08f0d9c3-c770-4093-a3d0-02f3d90c24bc":{"IsClassOnNotificationEnabled":true,"IsClassOnPreparingNotificationEnabled":true,"IsClassOffNotificationEnabled":true,"ClassPreparingDeltaTime":60,"ClassOnPreparingText":"\u51C6\u5907\u4E0A\u8BFE\uFF0C\u8BF7\u56DE\u5230\u5EA7\u4F4D\u5E76\u4FDD\u6301\u5B89\u9759\uFF0C\u505A\u597D\u4E0A\u8BFE\u51C6\u5907\u3002","ClassOnPreparingMaskText":"\u5373\u5C06\u4E0A\u8BFE","ClassOnMaskText":"\u4E0A\u8BFE","ClassOffMaskText":"\u8BFE\u95F4\u4F11\u606F","IsAttachSettingsEnabled":false,"IsActive":false},"58e5b69a-764a-472b-bcf7-003b6a8c7fdf":{"IsAttachSettingsEnabled":false,"ShowExtraInfoOnTimePoint":true,"ExtraInfoType":0,"IsCountdownEnabled":true,"CountdownSeconds":60,"ExtraInfo4ShowSecondsSeconds":0,"ScheduleSpacing":1,"ShowCurrentLessonOnlyOnClass":false,"IsActive":false},"7625de96-38aa-4b71-b478-3f156dd9458d":{"AlertShowMode":2,"ForecastShowMode":2,"IsAttachSettingsEnabled":true,"IsActive":false}},"IsActive":false},{"StartSecond":"2024-12-13T09:55:00+08:00","EndSecond":"2024-12-13T10:15:00+08:00","TimeType":1,"IsHideDefault":false,"DefaultClassId":"","BreakName":"","AttachedObjects":{"08f0d9c3-c770-4093-a3d0-02f3d90c24bc":{"IsClassOnNotificationEnabled":true,"IsClassOnPreparingNotificationEnabled":true,"IsClassOffNotificationEnabled":true,"ClassPreparingDeltaTime":60,"ClassOnPreparingText":"\u51C6\u5907\u4E0A\u8BFE\uFF0C\u8BF7\u56DE\u5230\u5EA7\u4F4D\u5E76\u4FDD\u6301\u5B89\u9759\uFF0C\u505A\u597D\u4E0A\u8BFE\u51C6\u5907\u3002","ClassOnPreparingMaskText":"\u5373\u5C06\u4E0A\u8BFE","ClassOnMaskText":"\u4E0A\u8BFE","ClassOffMaskText":"\u8BFE\u95F4\u4F11\u606F","IsAttachSettingsEnabled":false,"IsActive":false},"58e5b69a-764a-472b-bcf7-003b6a8c7fdf":{"IsAttachSettingsEnabled":false,"ShowExtraInfoOnTimePoint":true,"ExtraInfoType":0,"IsCountdownEnabled":true,"CountdownSeconds":60,"ExtraInfo4ShowSecondsSeconds":0,"ScheduleSpacing":1,"ShowCurrentLessonOnlyOnClass":false,"IsActive":false},"7625de96-38aa-4b71-b478-3f156dd9458d":{"AlertShowMode":2,"ForecastShowMode":2,"IsAttachSettingsEnabled":true,"IsActive":false}},"IsActive":false},{"StartSecond":"2024-12-13T10:15:00+08:00","EndSecond":"2024-12-13T10:55:00+08:00","TimeType":0,"IsHideDefault":false,"DefaultClassId":"","BreakName":"","AttachedObjects":{"08f0d9c3-c770-4093-a3d0-02f3d90c24bc":{"IsClassOnNotificationEnabled":true,"IsClassOnPreparingNotificationEnabled":true,"IsClassOffNotificationEnabled":true,"ClassPreparingDeltaTime":60,"ClassOnPreparingText":"\u51C6\u5907\u4E0A\u8BFE\uFF0C\u8BF7\u56DE\u5230\u5EA7\u4F4D\u5E76\u4FDD\u6301\u5B89\u9759\uFF0C\u505A\u597D\u4E0A\u8BFE\u51C6\u5907\u3002","ClassOnPreparingMaskText":"\u5373\u5C06\u4E0A\u8BFE","ClassOnMaskText":"\u4E0A\u8BFE","ClassOffMaskText":"\u8BFE\u95F4\u4F11\u606F","IsAttachSettingsEnabled":false,"IsActive":false},"58e5b69a-764a-472b-bcf7-003b6a8c7fdf":{"IsAttachSettingsEnabled":false,"ShowExtraInfoOnTimePoint":true,"ExtraInfoType":0,"IsCountdownEnabled":true,"CountdownSeconds":60,"ExtraInfo4ShowSecondsSeconds":0,"ScheduleSpacing":1,"ShowCurrentLessonOnlyOnClass":false,"IsActive":false},"7625de96-38aa-4b71-b478-3f156dd9458d":{"AlertShowMode":2,"ForecastShowMode":2,"IsAttachSettingsEnabled":true,"IsActive":false}},"IsActive":false},{"StartSecond":"2024-12-13T10:55:00+08:00","EndSecond":"2024-12-13T11:05:00+08:00","TimeType":1,"IsHideDefault":false,"DefaultClassId":"","BreakName":"","AttachedObjects":{"08f0d9c3-c770-4093-a3d0-02f3d90c24bc":{"IsClassOnNotificationEnabled":true,"IsClassOnPreparingNotificationEnabled":true,"IsClassOffNotificationEnabled":true,"ClassPreparingDeltaTime":60,"ClassOnPreparingText":"\u51C6\u5907\u4E0A\u8BFE\uFF0C\u8BF7\u56DE\u5230\u5EA7\u4F4D\u5E76\u4FDD\u6301\u5B89\u9759\uFF0C\u505A\u597D\u4E0A\u8BFE\u51C6\u5907\u3002","ClassOnPreparingMaskText":"\u5373\u5C06\u4E0A\u8BFE","ClassOnMaskText":"\u4E0A\u8BFE","ClassOffMaskText":"\u8BFE\u95F4\u4F11\u606F","IsAttachSettingsEnabled":false,"IsActive":false},"58e5b69a-764a-472b-bcf7-003b6a8c7fdf":{"IsAttachSettingsEnabled":false,"ShowExtraInfoOnTimePoint":true,"ExtraInfoType":0,"IsCountdownEnabled":true,"CountdownSeconds":60,"ExtraInfo4ShowSecondsSeconds":0,"ScheduleSpacing":1,"ShowCurrentLessonOnlyOnClass":false,"IsActive":false},"7625de96-38aa-4b71-b478-3f156dd9458d":{"AlertShowMode":2,"ForecastShowMode":2,"IsAttachSettingsEnabled":true,"IsActive":false}},"IsActive":false},{"StartSecond":"2024-12-13T11:05:00+08:00","EndSecond":"2024-12-13T12:00:00+08:00","TimeType":0,"IsHideDefault":false,"DefaultClassId":"","BreakName":"","AttachedObjects":{"08f0d9c3-c770-4093-a3d0-02f3d90c24bc":{"IsClassOnNotificationEnabled":true,"IsClassOnPreparingNotificationEnabled":true,"IsClassOffNotificationEnabled":true,"ClassPreparingDeltaTime":60,"ClassOnPreparingText":"\u51C6\u5907\u4E0A\u8BFE\uFF0C\u8BF7\u56DE\u5230\u5EA7\u4F4D\u5E76\u4FDD\u6301\u5B89\u9759\uFF0C\u505A\u597D\u4E0A\u8BFE\u51C6\u5907\u3002","ClassOnPreparingMaskText":"\u5373\u5C06\u4E0A\u8BFE","ClassOnMaskText":"\u4E0A\u8BFE","ClassOffMaskText":"\u8BFE\u95F4\u4F11\u606F","IsAttachSettingsEnabled":false,"IsActive":false},"58e5b69a-764a-472b-bcf7-003b6a8c7fdf":{"IsAttachSettingsEnabled":false,"ShowExtraInfoOnTimePoint":true,"ExtraInfoType":0,"IsCountdownEnabled":true,"CountdownSeconds":60,"ExtraInfo4ShowSecondsSeconds":0,"ScheduleSpacing":1,"ShowCurrentLessonOnlyOnClass":false,"IsActive":false},"7625de96-38aa-4b71-b478-3f156dd9458d":{"AlertShowMode":2,"ForecastShowMode":2,"IsAttachSettingsEnabled":true,"IsActive":false}},"IsActive":false},{"StartSecond":"2024-12-13T12:00:00+08:00","EndSecond":"2024-12-13T12:35:00+08:00","TimeType":1,"IsHideDefault":false,"DefaultClassId":"","BreakName":"","AttachedObjects":{"08f0d9c3-c770-4093-a3d0-02f3d90c24bc":{"IsClassOnNotificationEnabled":true,"IsClassOnPreparingNotificationEnabled":true,"IsClassOffNotificationEnabled":true,"ClassPreparingDeltaTime":60,"ClassOnPreparingText":"\u51C6\u5907\u4E0A\u8BFE\uFF0C\u8BF7\u56DE\u5230\u5EA7\u4F4D\u5E76\u4FDD\u6301\u5B89\u9759\uFF0C\u505A\u597D\u4E0A\u8BFE\u51C6\u5907\u3002","ClassOnPreparingMaskText":"\u5373\u5C06\u4E0A\u8BFE","ClassOnMaskText":"\u4E0A\u8BFE","ClassOffMaskText":"\u8BFE\u95F4\u4F11\u606F","IsAttachSettingsEnabled":false,"IsActive":false},"58e5b69a-764a-472b-bcf7-003b6a8c7fdf":{"IsAttachSettingsEnabled":false,"ShowExtraInfoOnTimePoint":true,"ExtraInfoType":0,"IsCountdownEnabled":true,"CountdownSeconds":60,"ExtraInfo4ShowSecondsSeconds":0,"ScheduleSpacing":1,"ShowCurrentLessonOnlyOnClass":false,"IsActive":false},"7625de96-38aa-4b71-b478-3f156dd9458d":{"AlertShowMode":2,"ForecastShowMode":2,"IsAttachSettingsEnabled":true,"IsActive":false}},"IsActive":false},{"StartSecond":"2024-12-13T12:35:00+08:00","EndSecond":"2024-12-13T13:20:00+08:00","TimeType":1,"IsHideDefault":false,"DefaultClassId":"","BreakName":"","AttachedObjects":{"08f0d9c3-c770-4093-a3d0-02f3d90c24bc":{"IsClassOnNotificationEnabled":true,"IsClassOnPreparingNotificationEnabled":true,"IsClassOffNotificationEnabled":true,"ClassPreparingDeltaTime":60,"ClassOnPreparingText":"\u51C6\u5907\u4E0A\u8BFE\uFF0C\u8BF7\u56DE\u5230\u5EA7\u4F4D\u5E76\u4FDD\u6301\u5B89\u9759\uFF0C\u505A\u597D\u4E0A\u8BFE\u51C6\u5907\u3002","ClassOnPreparingMaskText":"\u5373\u5C06\u4E0A\u8BFE","ClassOnMaskText":"\u4E0A\u8BFE","ClassOffMaskText":"\u8BFE\u95F4\u4F11\u606F","IsAttachSettingsEnabled":false,"IsActive":false},"58e5b69a-764a-472b-bcf7-003b6a8c7fdf":{"IsAttachSettingsEnabled":false,"ShowExtraInfoOnTimePoint":true,"ExtraInfoType":0,"IsCountdownEnabled":true,"CountdownSeconds":60,"ExtraInfo4ShowSecondsSeconds":0,"ScheduleSpacing":1,"ShowCurrentLessonOnlyOnClass":false,"IsActive":false},"7625de96-38aa-4b71-b478-3f156dd9458d":{"AlertShowMode":2,"ForecastShowMode":2,"IsAttachSettingsEnabled":true,"IsActive":false}},"IsActive":false},{"StartSecond":"2024-12-13T13:20:00+08:00","EndSecond":"2024-12-13T13:35:00+08:00","TimeType":1,"IsHideDefault":false,"DefaultClassId":"","BreakName":"","AttachedObjects":{"08f0d9c3-c770-4093-a3d0-02f3d90c24bc":{"IsClassOnNotificationEnabled":true,"IsClassOnPreparingNotificationEnabled":true,"IsClassOffNotificationEnabled":true,"ClassPreparingDeltaTime":60,"ClassOnPreparingText":"\u51C6\u5907\u4E0A\u8BFE\uFF0C\u8BF7\u56DE\u5230\u5EA7\u4F4D\u5E76\u4FDD\u6301\u5B89\u9759\uFF0C\u505A\u597D\u4E0A\u8BFE\u51C6\u5907\u3002","ClassOnPreparingMaskText":"\u5373\u5C06\u4E0A\u8BFE","ClassOnMaskText":"\u4E0A\u8BFE","ClassOffMaskText":"\u8BFE\u95F4\u4F11\u606F","IsAttachSettingsEnabled":false,"IsActive":false},"58e5b69a-764a-472b-bcf7-003b6a8c7fdf":{"IsAttachSettingsEnabled":false,"ShowExtraInfoOnTimePoint":true,"ExtraInfoType":0,"IsCountdownEnabled":true,"CountdownSeconds":60,"ExtraInfo4ShowSecondsSeconds":0,"ScheduleSpacing":1,"ShowCurrentLessonOnlyOnClass":false,"IsActive":false},"7625de96-38aa-4b71-b478-3f156dd9458d":{"AlertShowMode":2,"ForecastShowMode":2,"IsAttachSettingsEnabled":true,"IsActive":false}},"IsActive":false},{"StartSecond":"2024-12-13T13:35:00+08:00","EndSecond":"2024-12-13T14:15:00+08:00","TimeType":0,"IsHideDefault":false,"DefaultClassId":"","BreakName":"","AttachedObjects":{"08f0d9c3-c770-4093-a3d0-02f3d90c24bc":{"IsClassOnNotificationEnabled":true,"IsClassOnPreparingNotificationEnabled":true,"IsClassOffNotificationEnabled":true,"ClassPreparingDeltaTime":60,"ClassOnPreparingText":"\u51C6\u5907\u4E0A\u8BFE\uFF0C\u8BF7\u56DE\u5230\u5EA7\u4F4D\u5E76\u4FDD\u6301\u5B89\u9759\uFF0C\u505A\u597D\u4E0A\u8BFE\u51C6\u5907\u3002","ClassOnPreparingMaskText":"\u5373\u5C06\u4E0A\u8BFE","ClassOnMaskText":"\u4E0A\u8BFE","ClassOffMaskText":"\u8BFE\u95F4\u4F11\u606F","IsAttachSettingsEnabled":false,"IsActive":false},"58e5b69a-764a-472b-bcf7-003b6a8c7fdf":{"IsAttachSettingsEnabled":false,"ShowExtraInfoOnTimePoint":true,"ExtraInfoType":0,"IsCountdownEnabled":true,"CountdownSeconds":60,"ExtraInfo4ShowSecondsSeconds":0,"ScheduleSpacing":1,"ShowCurrentLessonOnlyOnClass":false,"IsActive":false},"7625de96-38aa-4b71-b478-3f156dd9458d":{"AlertShowMode":2,"ForecastShowMode":2,"IsAttachSettingsEnabled":true,"IsActive":false}},"IsActive":false},{"StartSecond":"2024-12-13T14:15:00+08:00","EndSecond":"2024-12-13T14:25:00+08:00","TimeType":1,"IsHideDefault":false,"DefaultClassId":"","BreakName":"","AttachedObjects":{"08f0d9c3-c770-4093-a3d0-02f3d90c24bc":{"IsClassOnNotificationEnabled":true,"IsClassOnPreparingNotificationEnabled":true,"IsClassOffNotificationEnabled":true,"ClassPreparingDeltaTime":60,"ClassOnPreparingText":"\u51C6\u5907\u4E0A\u8BFE\uFF0C\u8BF7\u56DE\u5230\u5EA7\u4F4D\u5E76\u4FDD\u6301\u5B89\u9759\uFF0C\u505A\u597D\u4E0A\u8BFE\u51C6\u5907\u3002","ClassOnPreparingMaskText":"\u5373\u5C06\u4E0A\u8BFE","ClassOnMaskText":"\u4E0A\u8BFE","ClassOffMaskText":"\u8BFE\u95F4\u4F11\u606F","IsAttachSettingsEnabled":false,"IsActive":false},"58e5b69a-764a-472b-bcf7-003b6a8c7fdf":{"IsAttachSettingsEnabled":false,"ShowExtraInfoOnTimePoint":true,"ExtraInfoType":0,"IsCountdownEnabled":true,"CountdownSeconds":60,"ExtraInfo4ShowSecondsSeconds":0,"ScheduleSpacing":1,"ShowCurrentLessonOnlyOnClass":false,"IsActive":false},"7625de96-38aa-4b71-b478-3f156dd9458d":{"AlertShowMode":2,"ForecastShowMode":2,"IsAttachSettingsEnabled":true,"IsActive":false}},"IsActive":false},{"StartSecond":"2024-12-13T14:25:00+08:00","EndSecond":"2024-12-13T15:05:00+08:00","TimeType":0,"IsHideDefault":false,"DefaultClassId":"","BreakName":"","AttachedObjects":{"08f0d9c3-c770-4093-a3d0-02f3d90c24bc":{"IsClassOnNotificationEnabled":true,"IsClassOnPreparingNotificationEnabled":true,"IsClassOffNotificationEnabled":true,"ClassPreparingDeltaTime":60,"ClassOnPreparingText":"\u51C6\u5907\u4E0A\u8BFE\uFF0C\u8BF7\u56DE\u5230\u5EA7\u4F4D\u5E76\u4FDD\u6301\u5B89\u9759\uFF0C\u505A\u597D\u4E0A\u8BFE\u51C6\u5907\u3002","ClassOnPreparingMaskText":"\u5373\u5C06\u4E0A\u8BFE","ClassOnMaskText":"\u4E0A\u8BFE","ClassOffMaskText":"\u8BFE\u95F4\u4F11\u606F","IsAttachSettingsEnabled":false,"IsActive":false},"58e5b69a-764a-472b-bcf7-003b6a8c7fdf":{"IsAttachSettingsEnabled":false,"ShowExtraInfoOnTimePoint":true,"ExtraInfoType":0,"IsCountdownEnabled":true,"CountdownSeconds":60,"ExtraInfo4ShowSecondsSeconds":0,"ScheduleSpacing":1,"ShowCurrentLessonOnlyOnClass":false,"IsActive":false},"7625de96-38aa-4b71-b478-3f156dd9458d":{"AlertShowMode":2,"ForecastShowMode":2,"IsAttachSettingsEnabled":true,"IsActive":false}},"IsActive":false},{"StartSecond":"2024-12-13T15:05:00+08:00","EndSecond":"2024-12-13T15:15:00+08:00","TimeType":1,"IsHideDefault":false,"DefaultClassId":"","BreakName":"","AttachedObjects":{"08f0d9c3-c770-4093-a3d0-02f3d90c24bc":{"IsClassOnNotificationEnabled":true,"IsClassOnPreparingNotificationEnabled":true,"IsClassOffNotificationEnabled":true,"ClassPreparingDeltaTime":60,"ClassOnPreparingText":"\u51C6\u5907\u4E0A\u8BFE\uFF0C\u8BF7\u56DE\u5230\u5EA7\u4F4D\u5E76\u4FDD\u6301\u5B89\u9759\uFF0C\u505A\u597D\u4E0A\u8BFE\u51C6\u5907\u3002","ClassOnPreparingMaskText":"\u5373\u5C06\u4E0A\u8BFE","ClassOnMaskText":"\u4E0A\u8BFE","ClassOffMaskText":"\u8BFE\u95F4\u4F11\u606F","IsAttachSettingsEnabled":false,"IsActive":false},"58e5b69a-764a-472b-bcf7-003b6a8c7fdf":{"IsAttachSettingsEnabled":false,"ShowExtraInfoOnTimePoint":true,"ExtraInfoType":0,"IsCountdownEnabled":true,"CountdownSeconds":60,"ExtraInfo4ShowSecondsSeconds":0,"ScheduleSpacing":1,"ShowCurrentLessonOnlyOnClass":false,"IsActive":false},"7625de96-38aa-4b71-b478-3f156dd9458d":{"AlertShowMode":2,"ForecastShowMode":2,"IsAttachSettingsEnabled":true,"IsActive":false}},"IsActive":false},{"StartSecond":"2024-12-13T15:15:00+08:00","EndSecond":"2024-12-13T15:55:00+08:00","TimeType":0,"IsHideDefault":false,"DefaultClassId":"","BreakName":"","AttachedObjects":{"08f0d9c3-c770-4093-a3d0-02f3d90c24bc":{"IsClassOnNotificationEnabled":true,"IsClassOnPreparingNotificationEnabled":true,"IsClassOffNotificationEnabled":true,"ClassPreparingDeltaTime":60,"ClassOnPreparingText":"\u51C6\u5907\u4E0A\u8BFE\uFF0C\u8BF7\u56DE\u5230\u5EA7\u4F4D\u5E76\u4FDD\u6301\u5B89\u9759\uFF0C\u505A\u597D\u4E0A\u8BFE\u51C6\u5907\u3002","ClassOnPreparingMaskText":"\u5373\u5C06\u4E0A\u8BFE","ClassOnMaskText":"\u4E0A\u8BFE","ClassOffMaskText":"\u8BFE\u95F4\u4F11\u606F","IsAttachSettingsEnabled":false,"IsActive":false},"58e5b69a-764a-472b-bcf7-003b6a8c7fdf":{"IsAttachSettingsEnabled":false,"ShowExtraInfoOnTimePoint":true,"ExtraInfoType":0,"IsCountdownEnabled":true,"CountdownSeconds":60,"ExtraInfo4ShowSecondsSeconds":0,"ScheduleSpacing":1,"ShowCurrentLessonOnlyOnClass":false,"IsActive":false},"7625de96-38aa-4b71-b478-3f156dd9458d":{"AlertShowMode":2,"ForecastShowMode":2,"IsAttachSettingsEnabled":true,"IsActive":false}},"IsActive":false},{"StartSecond":"2024-12-13T15:55:00+08:00","EndSecond":"2024-12-13T16:05:00+08:00","TimeType":1,"IsHideDefault":false,"DefaultClassId":"","BreakName":"","AttachedObjects":{"08f0d9c3-c770-4093-a3d0-02f3d90c24bc":{"IsClassOnNotificationEnabled":true,"IsClassOnPreparingNotificationEnabled":true,"IsClassOffNotificationEnabled":true,"ClassPreparingDeltaTime":60,"ClassOnPreparingText":"\u51C6\u5907\u4E0A\u8BFE\uFF0C\u8BF7\u56DE\u5230\u5EA7\u4F4D\u5E76\u4FDD\u6301\u5B89\u9759\uFF0C\u505A\u597D\u4E0A\u8BFE\u51C6\u5907\u3002","ClassOnPreparingMaskText":"\u5373\u5C06\u4E0A\u8BFE","ClassOnMaskText":"\u4E0A\u8BFE","ClassOffMaskText":"\u8BFE\u95F4\u4F11\u606F","IsAttachSettingsEnabled":false,"IsActive":false},"58e5b69a-764a-472b-bcf7-003b6a8c7fdf":{"IsAttachSettingsEnabled":false,"ShowExtraInfoOnTimePoint":true,"ExtraInfoType":0,"IsCountdownEnabled":true,"CountdownSeconds":60,"ExtraInfo4ShowSecondsSeconds":0,"ScheduleSpacing":1,"ShowCurrentLessonOnlyOnClass":false,"IsActive":false},"7625de96-38aa-4b71-b478-3f156dd9458d":{"AlertShowMode":2,"ForecastShowMode":2,"IsAttachSettingsEnabled":true,"IsActive":false}},"IsActive":false},{"StartSecond":"2024-12-13T16:05:00+08:00","EndSecond":"2024-12-13T16:45:00+08:00","TimeType":0,"IsHideDefault":false,"DefaultClassId":"","BreakName":"","AttachedObjects":{"08f0d9c3-c770-4093-a3d0-02f3d90c24bc":{"IsClassOnNotificationEnabled":true,"IsClassOnPreparingNotificationEnabled":true,"IsClassOffNotificationEnabled":true,"ClassPreparingDeltaTime":60,"ClassOnPreparingText":"\u51C6\u5907\u4E0A\u8BFE\uFF0C\u8BF7\u56DE\u5230\u5EA7\u4F4D\u5E76\u4FDD\u6301\u5B89\u9759\uFF0C\u505A\u597D\u4E0A\u8BFE\u51C6\u5907\u3002","ClassOnPreparingMaskText":"\u5373\u5C06\u4E0A\u8BFE","ClassOnMaskText":"\u4E0A\u8BFE","ClassOffMaskText":"\u8BFE\u95F4\u4F11\u606F","IsAttachSettingsEnabled":false,"IsActive":false},"58e5b69a-764a-472b-bcf7-003b6a8c7fdf":{"IsAttachSettingsEnabled":false,"ShowExtraInfoOnTimePoint":true,"ExtraInfoType":0,"IsCountdownEnabled":true,"CountdownSeconds":60,"ExtraInfo4ShowSecondsSeconds":0,"ScheduleSpacing":1,"ShowCurrentLessonOnlyOnClass":false,"IsActive":false},"7625de96-38aa-4b71-b478-3f156dd9458d":{"AlertShowMode":2,"ForecastShowMode":2,"IsAttachSettingsEnabled":true,"IsActive":false}},"IsActive":false}],"AttachedObjects":{"8fbc3a26-6d20-44dd-b895-b9411e3ddc51":{"IsEnabled":true,"NotificationMsg":"\u4ECA\u5929\u7684\u8BFE\u7A0B\u5DF2\u7ED3\u675F\uFF0C\u6211\u4EEC\u7EC8\u5C06\u81EA\u7531\uFF01","IsAttachSettingsEnabled":true,"IsActive":false},"08f0d9c3-c770-4093-a3d0-02f3d90c24bc":{"IsClassOnNotificationEnabled":true,"IsClassOnPreparingNotificationEnabled":true,"IsClassOffNotificationEnabled":true,"ClassPreparingDeltaTime":60,"ClassOnPreparingText":"","ClassOnPreparingMaskText":"\u5373\u5C06\u4E0A\u8BFE","ClassOnMaskText":"\u4E0A\u8BFE","ClassOffMaskText":"\u8BFE\u95F4\u4F11\u606F","IsAttachSettingsEnabled":true,"IsActive":false},"58e5b69a-764a-472b-bcf7-003b6a8c7fdf":{"IsAttachSettingsEnabled":true,"ShowExtraInfoOnTimePoint":true,"ExtraInfoType":2,"IsCountdownEnabled":true,"CountdownSeconds":60,"ExtraInfo4ShowSecondsSeconds":0,"ScheduleSpacing":1,"ShowCurrentLessonOnlyOnClass":false,"IsActive":false}},"IsActive":false}},"ClassPlans":{"84c22c69-7518-4a36-a82d-9024fba9b8f2":{"TimeLayoutId":"87481648-d667-4f66-b6fb-5cd7bbbda042","TimeRule":{"WeekDay":1,"WeekCountDiv":0,"WeekCountDivTotal":2,"IsActive":false},"Classes":[{"SubjectId":"9875b24c-470d-4195-8a6a-73925ea4808b","AttachedObjects":{},"IsActive":false},{"SubjectId":"1154d452-5ede-4194-b4dd-cb40c956c8ed","AttachedObjects":{},"IsActive":false},{"SubjectId":"97d0bf3f-137f-4f8a-87d6-ff387063bbd3","AttachedObjects":{},"IsActive":false},{"SubjectId":"3bbed0c0-bcf3-4dfe-a78d-5da9b02cf8bd","AttachedObjects":{},"IsActive":false},{"SubjectId":"7b7aea95-30ad-4490-8d98-0c9179c47a10","AttachedObjects":{},"IsActive":false},{"SubjectId":"a41cc849-b4bc-4dfd-a464-7f4fa3e317ca","AttachedObjects":{},"IsActive":false},{"SubjectId":"44ec22d3-3dde-40e6-8eb7-a1f4cd378a04","AttachedObjects":{},"IsActive":false},{"SubjectId":"9f0d71b7-b4da-4040-a3d5-64da7573c6dd","AttachedObjects":{},"IsActive":false},{"SubjectId":"1154d452-5ede-4194-b4dd-cb40c956c8ed","AttachedObjects":{},"IsActive":false},{"SubjectId":"a4a76e77-29d8-4103-882c-2f4c9d1e8077","AttachedObjects":{},"IsActive":false},{"SubjectId":"97d0bf3f-137f-4f8a-87d6-ff387063bbd3","AttachedObjects":{},"IsActive":false}],"Name":"Default-1","IsOverlay":false,"OverlaySourceId":null,"OverlaySetupTime":"2024-12-13T18:49:05.3304459+08:00","IsEnabled":true,"AssociatedGroup":"acaf4ef0-e261-4262-b941-34ea93cb4369","AttachedObjects":{"8fbc3a26-6d20-44dd-b895-b9411e3ddc51":{"IsEnabled":true,"NotificationMsg":"\u4ECA\u5929\u7684\u8BFE\u7A0B\u5DF2\u7ED3\u675F\uFF0C\u8BF7\u540C\u5B66\u4EEC\u6709\u5E8F\u79BB\u5F00\u3002","IsAttachSettingsEnabled":true,"IsActive":false},"08f0d9c3-c770-4093-a3d0-02f3d90c24bc":{"IsClassOnNotificationEnabled":true,"IsClassOnPreparingNotificationEnabled":true,"IsClassOffNotificationEnabled":true,"ClassPreparingDeltaTime":60,"ClassOnPreparingText":"\u51C6\u5907\u4E0A\u8BFE\uFF0C\u8BF7\u56DE\u5230\u5EA7\u4F4D\u5E76\u4FDD\u6301\u5B89\u9759\uFF0C\u505A\u597D\u4E0A\u8BFE\u51C6\u5907\u3002","ClassOnPreparingMaskText":"\u5373\u5C06\u4E0A\u8BFE","ClassOnMaskText":"\u4E0A\u8BFE","ClassOffMaskText":"\u8BFE\u95F4\u4F11\u606F","IsAttachSettingsEnabled":false,"IsActive":false},"58e5b69a-764a-472b-bcf7-003b6a8c7fdf":{"IsAttachSettingsEnabled":false,"ShowExtraInfoOnTimePoint":true,"ExtraInfoType":0,"IsCountdownEnabled":true,"CountdownSeconds":60,"ExtraInfo4ShowSecondsSeconds":0,"ScheduleSpacing":1,"ShowCurrentLessonOnlyOnClass":false,"IsActive":false}},"IsActive":false},"ca8d0f39-bb3d-41e2-b82e-9620f4fd7bc3":{"TimeLayoutId":"87481648-d667-4f66-b6fb-5cd7bbbda042","TimeRule":{"WeekDay":2,"WeekCountDiv":0,"WeekCountDivTotal":2,"IsActive":false},"Classes":[{"SubjectId":"9875b24c-470d-4195-8a6a-73925ea4808b","AttachedObjects":{},"IsActive":false},{"SubjectId":"9f0d71b7-b4da-4040-a3d5-64da7573c6dd","AttachedObjects":{},"IsActive":false},{"SubjectId":"1154d452-5ede-4194-b4dd-cb40c956c8ed","AttachedObjects":{},"IsActive":false},{"SubjectId":"1154d452-5ede-4194-b4dd-cb40c956c8ed","AttachedObjects":{},"IsActive":false},{"SubjectId":"3bbed0c0-bcf3-4dfe-a78d-5da9b02cf8bd","AttachedObjects":{},"IsActive":false},{"SubjectId":"a4a76e77-29d8-4103-882c-2f4c9d1e8077","AttachedObjects":{},"IsActive":false},{"SubjectId":"0ed2307b-4d9b-48fa-97ed-94bd2213c84e","AttachedObjects":{},"IsActive":false},{"SubjectId":"1154d452-5ede-4194-b4dd-cb40c956c8ed","AttachedObjects":{},"IsActive":false},{"SubjectId":"44ec22d3-3dde-40e6-8eb7-a1f4cd378a04","AttachedObjects":{},"IsActive":false},{"SubjectId":"97d0bf3f-137f-4f8a-87d6-ff387063bbd3","AttachedObjects":{},"IsActive":false},{"SubjectId":"3bbed0c0-bcf3-4dfe-a78d-5da9b02cf8bd","AttachedObjects":{},"IsActive":false}],"Name":"Default-2","IsOverlay":false,"OverlaySourceId":null,"OverlaySetupTime":"2024-12-13T18:52:07.2836705+08:00","IsEnabled":true,"AssociatedGroup":"acaf4ef0-e261-4262-b941-34ea93cb4369","AttachedObjects":{"8fbc3a26-6d20-44dd-b895-b9411e3ddc51":{"IsEnabled":true,"NotificationMsg":"\u4ECA\u5929\u7684\u8BFE\u7A0B\u5DF2\u7ED3\u675F\uFF0C\u5468\u4E8C\u5373\u5C06\u7ED3\u675F","IsAttachSettingsEnabled":true,"IsActive":false},"08f0d9c3-c770-4093-a3d0-02f3d90c24bc":{"IsClassOnNotificationEnabled":true,"IsClassOnPreparingNotificationEnabled":true,"IsClassOffNotificationEnabled":true,"ClassPreparingDeltaTime":60,"ClassOnPreparingText":"\u51C6\u5907\u4E0A\u8BFE\uFF0C\u8BF7\u56DE\u5230\u5EA7\u4F4D\u5E76\u4FDD\u6301\u5B89\u9759\uFF0C\u505A\u597D\u4E0A\u8BFE\u51C6\u5907\u3002","ClassOnPreparingMaskText":"\u5373\u5C06\u4E0A\u8BFE","ClassOnMaskText":"\u4E0A\u8BFE","ClassOffMaskText":"\u8BFE\u95F4\u4F11\u606F","IsAttachSettingsEnabled":false,"IsActive":false},"58e5b69a-764a-472b-bcf7-003b6a8c7fdf":{"IsAttachSettingsEnabled":false,"ShowExtraInfoOnTimePoint":true,"ExtraInfoType":0,"IsCountdownEnabled":true,"CountdownSeconds":60,"ExtraInfo4ShowSecondsSeconds":0,"ScheduleSpacing":1,"ShowCurrentLessonOnlyOnClass":false,"IsActive":false}},"IsActive":false},"12ce6e22-3860-4b06-8c92-6ea812455f4f":{"TimeLayoutId":"87481648-d667-4f66-b6fb-5cd7bbbda042","TimeRule":{"WeekDay":3,"WeekCountDiv":0,"WeekCountDivTotal":2,"IsActive":false},"Classes":[{"SubjectId":"9875b24c-470d-4195-8a6a-73925ea4808b","AttachedObjects":{},"IsActive":false},{"SubjectId":"97d0bf3f-137f-4f8a-87d6-ff387063bbd3","AttachedObjects":{},"IsActive":false},{"SubjectId":"3bbed0c0-bcf3-4dfe-a78d-5da9b02cf8bd","AttachedObjects":{},"IsActive":false},{"SubjectId":"1154d452-5ede-4194-b4dd-cb40c956c8ed","AttachedObjects":{},"IsActive":false},{"SubjectId":"a41cc849-b4bc-4dfd-a464-7f4fa3e317ca","AttachedObjects":{},"IsActive":false},{"SubjectId":"9f0d71b7-b4da-4040-a3d5-64da7573c6dd","AttachedObjects":{},"IsActive":false},{"SubjectId":"44ec22d3-3dde-40e6-8eb7-a1f4cd378a04","AttachedObjects":{},"IsActive":false},{"SubjectId":"a4a76e77-29d8-4103-882c-2f4c9d1e8077","AttachedObjects":{},"IsActive":false},{"SubjectId":"0ed2307b-4d9b-48fa-97ed-94bd2213c84e","AttachedObjects":{},"IsActive":false},{"SubjectId":"3bbed0c0-bcf3-4dfe-a78d-5da9b02cf8bd","AttachedObjects":{},"IsActive":false},{"SubjectId":"7b7aea95-30ad-4490-8d98-0c9179c47a10","AttachedObjects":{},"IsActive":false}],"Name":"Default-3","IsOverlay":false,"OverlaySourceId":null,"OverlaySetupTime":"2024-12-13T18:54:14.9187823+08:00","IsEnabled":true,"AssociatedGroup":"acaf4ef0-e261-4262-b941-34ea93cb4369","AttachedObjects":{"8fbc3a26-6d20-44dd-b895-b9411e3ddc51":{"IsEnabled":true,"NotificationMsg":"\u4ECA\u5929\u7684\u8BFE\u7A0B\u5DF2\u7ED3\u675F\uFF0C\u672C\u5468\u5DF2\u5EA6\u8FC7\u4E00\u534A","IsAttachSettingsEnabled":true,"IsActive":false},"08f0d9c3-c770-4093-a3d0-02f3d90c24bc":{"IsClassOnNotificationEnabled":true,"IsClassOnPreparingNotificationEnabled":true,"IsClassOffNotificationEnabled":true,"ClassPreparingDeltaTime":60,"ClassOnPreparingText":"\u51C6\u5907\u4E0A\u8BFE\uFF0C\u8BF7\u56DE\u5230\u5EA7\u4F4D\u5E76\u4FDD\u6301\u5B89\u9759\uFF0C\u505A\u597D\u4E0A\u8BFE\u51C6\u5907\u3002","ClassOnPreparingMaskText":"\u5373\u5C06\u4E0A\u8BFE","ClassOnMaskText":"\u4E0A\u8BFE","ClassOffMaskText":"\u8BFE\u95F4\u4F11\u606F","IsAttachSettingsEnabled":false,"IsActive":false},"58e5b69a-764a-472b-bcf7-003b6a8c7fdf":{"IsAttachSettingsEnabled":false,"ShowExtraInfoOnTimePoint":true,"ExtraInfoType":2,"IsCountdownEnabled":true,"CountdownSeconds":60,"ExtraInfo4ShowSecondsSeconds":0,"ScheduleSpacing":1,"ShowCurrentLessonOnlyOnClass":false,"IsActive":false}},"IsActive":false},"6f1634d1-7e56-47a6-9d02-e1464c8aec1b":{"TimeLayoutId":"87481648-d667-4f66-b6fb-5cd7bbbda042","TimeRule":{"WeekDay":4,"WeekCountDiv":0,"WeekCountDivTotal":2,"IsActive":false},"Classes":[{"SubjectId":"9875b24c-470d-4195-8a6a-73925ea4808b","AttachedObjects":{},"IsActive":false},{"SubjectId":"1154d452-5ede-4194-b4dd-cb40c956c8ed","AttachedObjects":{},"IsActive":false},{"SubjectId":"a41cc849-b4bc-4dfd-a464-7f4fa3e317ca","AttachedObjects":{},"IsActive":false},{"SubjectId":"a4a76e77-29d8-4103-882c-2f4c9d1e8077","AttachedObjects":{},"IsActive":false},{"SubjectId":"3bbed0c0-bcf3-4dfe-a78d-5da9b02cf8bd","AttachedObjects":{},"IsActive":false},{"SubjectId":"44ec22d3-3dde-40e6-8eb7-a1f4cd378a04","AttachedObjects":{},"IsActive":false},{"SubjectId":"97d0bf3f-137f-4f8a-87d6-ff387063bbd3","AttachedObjects":{},"IsActive":false},{"SubjectId":"97d0bf3f-137f-4f8a-87d6-ff387063bbd3","AttachedObjects":{},"IsActive":false},{"SubjectId":"3bbed0c0-bcf3-4dfe-a78d-5da9b02cf8bd","AttachedObjects":{},"IsActive":false},{"SubjectId":"7b7aea95-30ad-4490-8d98-0c9179c47a10","AttachedObjects":{},"IsActive":false},{"SubjectId":"1154d452-5ede-4194-b4dd-cb40c956c8ed","AttachedObjects":{},"IsActive":false}],"Name":"Default-4","IsOverlay":false,"OverlaySourceId":null,"OverlaySetupTime":"2024-12-13T18:56:11.9235503+08:00","IsEnabled":true,"AssociatedGroup":"acaf4ef0-e261-4262-b941-34ea93cb4369","AttachedObjects":{"8fbc3a26-6d20-44dd-b895-b9411e3ddc51":{"IsEnabled":true,"NotificationMsg":"\u4ECA\u5929\u7684\u8BFE\u7A0B\u5DF2\u7ED3\u675F\uFF0C\u660E\u65E5\u4E0B\u5348\u5C06\u8981\u653E\u5047\uFF01","IsAttachSettingsEnabled":true,"IsActive":false},"08f0d9c3-c770-4093-a3d0-02f3d90c24bc":{"IsClassOnNotificationEnabled":true,"IsClassOnPreparingNotificationEnabled":true,"IsClassOffNotificationEnabled":true,"ClassPreparingDeltaTime":60,"ClassOnPreparingText":"\u51C6\u5907\u4E0A\u8BFE\uFF0C\u8BF7\u56DE\u5230\u5EA7\u4F4D\u5E76\u4FDD\u6301\u5B89\u9759\uFF0C\u505A\u597D\u4E0A\u8BFE\u51C6\u5907\u3002","ClassOnPreparingMaskText":"\u5373\u5C06\u4E0A\u8BFE","ClassOnMaskText":"\u4E0A\u8BFE","ClassOffMaskText":"\u8BFE\u95F4\u4F11\u606F","IsAttachSettingsEnabled":false,"IsActive":false},"58e5b69a-764a-472b-bcf7-003b6a8c7fdf":{"IsAttachSettingsEnabled":false,"ShowExtraInfoOnTimePoint":true,"ExtraInfoType":0,"IsCountdownEnabled":true,"CountdownSeconds":60,"ExtraInfo4ShowSecondsSeconds":0,"ScheduleSpacing":1,"ShowCurrentLessonOnlyOnClass":false,"IsActive":false}},"IsActive":false},"bb1f4a9e-4803-4bb6-b336-4e13912f018e":{"TimeLayoutId":"40a84e0f-088d-44cf-bcef-927006357cc9","TimeRule":{"WeekDay":5,"WeekCountDiv":0,"WeekCountDivTotal":2,"IsActive":false},"Classes":[{"SubjectId":"9875b24c-470d-4195-8a6a-73925ea4808b","AttachedObjects":{},"IsActive":false},{"SubjectId":"1154d452-5ede-4194-b4dd-cb40c956c8ed","AttachedObjects":{},"IsActive":false},{"SubjectId":"3bbed0c0-bcf3-4dfe-a78d-5da9b02cf8bd","AttachedObjects":{},"IsActive":false},{"SubjectId":"9f0d71b7-b4da-4040-a3d5-64da7573c6dd","AttachedObjects":{},"IsActive":false},{"SubjectId":"97d0bf3f-137f-4f8a-87d6-ff387063bbd3","AttachedObjects":{},"IsActive":false},{"SubjectId":"7b7aea95-30ad-4490-8d98-0c9179c47a10","AttachedObjects":{},"IsActive":false},{"SubjectId":"a4a76e77-29d8-4103-882c-2f4c9d1e8077","AttachedObjects":{},"IsActive":false},{"SubjectId":"a41cc849-b4bc-4dfd-a464-7f4fa3e317ca","AttachedObjects":{},"IsActive":false},{"SubjectId":"95dd61cd-5d2e-4f23-80e8-99be8aa97028","AttachedObjects":{},"IsActive":false},{"SubjectId":"95dd61cd-5d2e-4f23-80e8-99be8aa97028","AttachedObjects":{},"IsActive":false}],"Name":"Default-5","IsOverlay":false,"OverlaySourceId":null,"OverlaySetupTime":"2024-12-13T18:58:13.8593564+08:00","IsEnabled":true,"AssociatedGroup":"acaf4ef0-e261-4262-b941-34ea93cb4369","AttachedObjects":{"8fbc3a26-6d20-44dd-b895-b9411e3ddc51":{"IsEnabled":true,"NotificationMsg":"\u5982\u91CA\u91CD\u8D1F","IsAttachSettingsEnabled":true,"IsActive":false},"08f0d9c3-c770-4093-a3d0-02f3d90c24bc":{"IsClassOnNotificationEnabled":true,"IsClassOnPreparingNotificationEnabled":true,"IsClassOffNotificationEnabled":true,"ClassPreparingDeltaTime":60,"ClassOnPreparingText":"\u51C6\u5907\u4E0A\u8BFE\uFF0C\u8BF7\u56DE\u5230\u5EA7\u4F4D\u5E76\u4FDD\u6301\u5B89\u9759\uFF0C\u505A\u597D\u4E0A\u8BFE\u51C6\u5907\u3002","ClassOnPreparingMaskText":"\u5373\u5C06\u4E0A\u8BFE","ClassOnMaskText":"\u4E0A\u8BFE","ClassOffMaskText":"\u8BFE\u95F4\u4F11\u606F","IsAttachSettingsEnabled":false,"IsActive":false},"58e5b69a-764a-472b-bcf7-003b6a8c7fdf":{"IsAttachSettingsEnabled":false,"ShowExtraInfoOnTimePoint":true,"ExtraInfoType":0,"IsCountdownEnabled":true,"CountdownSeconds":60,"ExtraInfo4ShowSecondsSeconds":0,"ScheduleSpacing":1,"ShowCurrentLessonOnlyOnClass":false,"IsActive":false}},"IsActive":false}},"Subjects":{"97d0bf3f-137f-4f8a-87d6-ff387063bbd3":{"Name":"\u8BED\u6587","Initial":"\u8BED","TeacherName":"","IsOutDoor":false,"AttachedObjects":{"58e5b69a-764a-472b-bcf7-003b6a8c7fdf":{"IsAttachSettingsEnabled":false,"ShowExtraInfoOnTimePoint":true,"ExtraInfoType":0,"IsCountdownEnabled":true,"CountdownSeconds":60,"ExtraInfo4ShowSecondsSeconds":0,"ScheduleSpacing":1,"ShowCurrentLessonOnlyOnClass":false,"IsActive":false},"08f0d9c3-c770-4093-a3d0-02f3d90c24bc":{"IsClassOnNotificationEnabled":true,"IsClassOnPreparingNotificationEnabled":true,"IsClassOffNotificationEnabled":true,"ClassPreparingDeltaTime":60,"ClassOnPreparingText":"\u51C6\u5907\u4E0A\u8BFE\uFF0C\u8BF7\u56DE\u5230\u5EA7\u4F4D\u5E76\u4FDD\u6301\u5B89\u9759\uFF0C\u505A\u597D\u4E0A\u8BFE\u51C6\u5907\u3002","ClassOnPreparingMaskText":"\u5373\u5C06\u4E0A\u8BFE","ClassOnMaskText":"\u4E0A\u8BFE","ClassOffMaskText":"\u8BFE\u95F4\u4F11\u606F","IsAttachSettingsEnabled":false,"IsActive":false}},"IsActive":false},"1154d452-5ede-4194-b4dd-cb40c956c8ed":{"Name":"\u6570\u5B66","Initial":"\u6570","TeacherName":"","IsOutDoor":false,"AttachedObjects":{"08f0d9c3-c770-4093-a3d0-02f3d90c24bc":{"IsClassOnNotificationEnabled":true,"IsClassOnPreparingNotificationEnabled":true,"IsClassOffNotificationEnabled":true,"ClassPreparingDeltaTime":60,"ClassOnPreparingText":"\u51C6\u5907\u4E0A\u8BFE\uFF0C\u8BF7\u56DE\u5230\u5EA7\u4F4D\u5E76\u4FDD\u6301\u5B89\u9759\uFF0C\u505A\u597D\u4E0A\u8BFE\u51C6\u5907\u3002","IsAttachSettingsEnabled":false,"IsActive":false},"58e5b69a-764a-472b-bcf7-003b6a8c7fdf":{"IsAttachSettingsEnabled":false,"ShowExtraInfoOnTimePoint":true,"ExtraInfoType":0,"IsCountdownEnabled":true,"CountdownSeconds":60,"IsActive":false}},"IsActive":false},"3bbed0c0-bcf3-4dfe-a78d-5da9b02cf8bd":{"Name":"\u82F1\u8BED","Initial":"\u82F1","TeacherName":"","IsOutDoor":false,"AttachedObjects":{"58e5b69a-764a-472b-bcf7-003b6a8c7fdf":{"IsAttachSettingsEnabled":false,"ShowExtraInfoOnTimePoint":true,"ExtraInfoType":0,"IsCountdownEnabled":true,"CountdownSeconds":60,"IsActive":false},"08f0d9c3-c770-4093-a3d0-02f3d90c24bc":{"IsClassOnNotificationEnabled":true,"IsClassOnPreparingNotificationEnabled":true,"IsClassOffNotificationEnabled":true,"ClassPreparingDeltaTime":60,"ClassOnPreparingText":"\u51C6\u5907\u4E0A\u8BFE\uFF0C\u8BF7\u56DE\u5230\u5EA7\u4F4D\u5E76\u4FDD\u6301\u5B89\u9759\uFF0C\u505A\u597D\u4E0A\u8BFE\u51C6\u5907\u3002","IsAttachSettingsEnabled":false,"IsActive":false}},"IsActive":false},"44ec22d3-3dde-40e6-8eb7-a1f4cd378a04":{"Name":"\u5386\u53F2","Initial":"\u5386","TeacherName":"","IsOutDoor":false,"AttachedObjects":{"58e5b69a-764a-472b-bcf7-003b6a8c7fdf":{"IsAttachSettingsEnabled":false,"ShowExtraInfoOnTimePoint":true,"ExtraInfoType":0,"IsCountdownEnabled":true,"CountdownSeconds":60,"IsActive":false},"08f0d9c3-c770-4093-a3d0-02f3d90c24bc":{"IsClassOnNotificationEnabled":true,"IsClassOnPreparingNotificationEnabled":true,"IsClassOffNotificationEnabled":true,"ClassPreparingDeltaTime":60,"ClassOnPreparingText":"\u51C6\u5907\u4E0A\u8BFE\uFF0C\u8BF7\u56DE\u5230\u5EA7\u4F4D\u5E76\u4FDD\u6301\u5B89\u9759\uFF0C\u505A\u597D\u4E0A\u8BFE\u51C6\u5907\u3002","IsAttachSettingsEnabled":false,"IsActive":false}},"IsActive":false},"9f0d71b7-b4da-4040-a3d5-64da7573c6dd":{"Name":"\u653F\u6CBB","Initial":"\u653F","TeacherName":"","IsOutDoor":false,"AttachedObjects":{"58e5b69a-764a-472b-bcf7-003b6a8c7fdf":{"IsAttachSettingsEnabled":false,"ShowExtraInfoOnTimePoint":true,"ExtraInfoType":0,"IsCountdownEnabled":true,"CountdownSeconds":60,"IsActive":false},"08f0d9c3-c770-4093-a3d0-02f3d90c24bc":{"IsClassOnNotificationEnabled":true,"IsClassOnPreparingNotificationEnabled":true,"IsClassOffNotificationEnabled":true,"ClassPreparingDeltaTime":60,"ClassOnPreparingText":"\u51C6\u5907\u4E0A\u8BFE\uFF0C\u8BF7\u56DE\u5230\u5EA7\u4F4D\u5E76\u4FDD\u6301\u5B89\u9759\uFF0C\u505A\u597D\u4E0A\u8BFE\u51C6\u5907\u3002","IsAttachSettingsEnabled":false,"IsActive":false}},"IsActive":false},"a4a76e77-29d8-4103-882c-2f4c9d1e8077":{"Name":"\u7269\u7406","Initial":"\u7269","TeacherName":"","IsOutDoor":false,"AttachedObjects":{"58e5b69a-764a-472b-bcf7-003b6a8c7fdf":{"IsAttachSettingsEnabled":false,"ShowExtraInfoOnTimePoint":true,"ExtraInfoType":0,"IsCountdownEnabled":true,"CountdownSeconds":60,"IsActive":false},"08f0d9c3-c770-4093-a3d0-02f3d90c24bc":{"IsClassOnNotificationEnabled":true,"IsClassOnPreparingNotificationEnabled":true,"IsClassOffNotificationEnabled":true,"ClassPreparingDeltaTime":60,"ClassOnPreparingText":"\u51C6\u5907\u4E0A\u8BFE\uFF0C\u8BF7\u56DE\u5230\u5EA7\u4F4D\u5E76\u4FDD\u6301\u5B89\u9759\uFF0C\u505A\u597D\u4E0A\u8BFE\u51C6\u5907\u3002","IsAttachSettingsEnabled":false,"IsActive":false}},"IsActive":false},"d18e9906-0210-4f00-9dd6-b919f0dd8287":{"Name":"\u5316\u5B66","Initial":"\u5316","TeacherName":"","IsOutDoor":false,"AttachedObjects":{"58e5b69a-764a-472b-bcf7-003b6a8c7fdf":{"IsAttachSettingsEnabled":false,"ShowExtraInfoOnTimePoint":true,"ExtraInfoType":0,"IsCountdownEnabled":true,"CountdownSeconds":60,"IsActive":false},"08f0d9c3-c770-4093-a3d0-02f3d90c24bc":{"IsClassOnNotificationEnabled":true,"IsClassOnPreparingNotificationEnabled":true,"IsClassOffNotificationEnabled":true,"ClassPreparingDeltaTime":60,"ClassOnPreparingText":"\u51C6\u5907\u4E0A\u8BFE\uFF0C\u8BF7\u56DE\u5230\u5EA7\u4F4D\u5E76\u4FDD\u6301\u5B89\u9759\uFF0C\u505A\u597D\u4E0A\u8BFE\u51C6\u5907\u3002","IsAttachSettingsEnabled":false,"IsActive":false}},"IsActive":false},"a41cc849-b4bc-4dfd-a464-7f4fa3e317ca":{"Name":"\u751F\u7269","Initial":"\u751F","TeacherName":"","IsOutDoor":false,"AttachedObjects":{"58e5b69a-764a-472b-bcf7-003b6a8c7fdf":{"IsAttachSettingsEnabled":false,"ShowExtraInfoOnTimePoint":true,"ExtraInfoType":0,"IsCountdownEnabled":true,"CountdownSeconds":60,"IsActive":false},"08f0d9c3-c770-4093-a3d0-02f3d90c24bc":{"IsClassOnNotificationEnabled":true,"IsClassOnPreparingNotificationEnabled":true,"IsClassOffNotificationEnabled":true,"ClassPreparingDeltaTime":60,"ClassOnPreparingText":"\u51C6\u5907\u4E0A\u8BFE\uFF0C\u8BF7\u56DE\u5230\u5EA7\u4F4D\u5E76\u4FDD\u6301\u5B89\u9759\uFF0C\u505A\u597D\u4E0A\u8BFE\u51C6\u5907\u3002","IsAttachSettingsEnabled":false,"IsActive":false}},"IsActive":false},"7b7aea95-30ad-4490-8d98-0c9179c47a10":{"Name":"\u5730\u7406","Initial":"\u5730","TeacherName":"","IsOutDoor":false,"AttachedObjects":{"58e5b69a-764a-472b-bcf7-003b6a8c7fdf":{"IsAttachSettingsEnabled":false,"ShowExtraInfoOnTimePoint":true,"ExtraInfoType":0,"IsCountdownEnabled":true,"CountdownSeconds":60,"IsActive":false},"08f0d9c3-c770-4093-a3d0-02f3d90c24bc":{"IsClassOnNotificationEnabled":true,"IsClassOnPreparingNotificationEnabled":true,"IsClassOffNotificationEnabled":true,"ClassPreparingDeltaTime":60,"ClassOnPreparingText":"\u51C6\u5907\u4E0A\u8BFE\uFF0C\u8BF7\u56DE\u5230\u5EA7\u4F4D\u5E76\u4FDD\u6301\u5B89\u9759\uFF0C\u505A\u597D\u4E0A\u8BFE\u51C6\u5907\u3002","IsAttachSettingsEnabled":false,"IsActive":false}},"IsActive":false},"66d1c380-d292-46e1-86d5-d403e2a4f200":{"Name":"\u4FE1\u606F\u6280\u672F","Initial":"\u4FE1","TeacherName":"","IsOutDoor":true,"AttachedObjects":{"08f0d9c3-c770-4093-a3d0-02f3d90c24bc":{"IsClassOnNotificationEnabled":true,"IsClassOnPreparingNotificationEnabled":true,"IsClassOffNotificationEnabled":true,"ClassPreparingDeltaTime":60,"ClassOnPreparingText":"\u51C6\u5907\u4E0A\u8BFE\uFF0C\u8BF7\u524D\u5F80\u673A\u623F\u96C6\u5408\u3002","IsAttachSettingsEnabled":false,"IsActive":false},"58e5b69a-764a-472b-bcf7-003b6a8c7fdf":{"IsAttachSettingsEnabled":false,"ShowExtraInfoOnTimePoint":true,"ExtraInfoType":0,"IsCountdownEnabled":true,"CountdownSeconds":60,"IsActive":false}},"IsActive":false},"0ed2307b-4d9b-48fa-97ed-94bd2213c84e":{"Name":"\u4F53\u80B2","Initial":"\u4F53","TeacherName":"","IsOutDoor":true,"AttachedObjects":{"08f0d9c3-c770-4093-a3d0-02f3d90c24bc":{"IsClassOnNotificationEnabled":true,"IsClassOnPreparingNotificationEnabled":true,"IsClassOffNotificationEnabled":true,"ClassPreparingDeltaTime":60,"ClassOnPreparingText":"\u51C6\u5907\u4E0A\u8BFE\uFF0C\u8BF7\u524D\u5F80\u4F53\u80B2\u573A\u96C6\u5408\u3002","IsAttachSettingsEnabled":false,"IsActive":false},"58e5b69a-764a-472b-bcf7-003b6a8c7fdf":{"IsAttachSettingsEnabled":false,"ShowExtraInfoOnTimePoint":true,"ExtraInfoType":0,"IsCountdownEnabled":true,"CountdownSeconds":60,"IsActive":false}},"IsActive":false},"923f4a8b-51eb-468b-971d-bb02e7db0163":{"Name":"\u81EA\u4E60","Initial":"\u81EA","TeacherName":"","IsOutDoor":false,"AttachedObjects":{"58e5b69a-764a-472b-bcf7-003b6a8c7fdf":{"IsAttachSettingsEnabled":false,"ShowExtraInfoOnTimePoint":true,"ExtraInfoType":0,"IsCountdownEnabled":true,"CountdownSeconds":60,"IsActive":false},"08f0d9c3-c770-4093-a3d0-02f3d90c24bc":{"IsClassOnNotificationEnabled":true,"IsClassOnPreparingNotificationEnabled":true,"IsClassOffNotificationEnabled":true,"ClassPreparingDeltaTime":60,"ClassOnPreparingText":"\u51C6\u5907\u4E0A\u8BFE\uFF0C\u8BF7\u56DE\u5230\u5EA7\u4F4D\u5E76\u4FDD\u6301\u5B89\u9759\uFF0C\u505A\u597D\u4E0A\u8BFE\u51C6\u5907\u3002","IsAttachSettingsEnabled":false,"IsActive":false}},"IsActive":false},"0d412099-dac6-4616-b6a7-c4fb76b12063":{"Name":"\u901A\u7528\u6280\u672F","Initial":"\u6280","TeacherName":"","IsOutDoor":false,"AttachedObjects":{"58e5b69a-764a-472b-bcf7-003b6a8c7fdf":{"IsAttachSettingsEnabled":false,"ShowExtraInfoOnTimePoint":true,"ExtraInfoType":0,"IsCountdownEnabled":true,"CountdownSeconds":60,"IsActive":false},"08f0d9c3-c770-4093-a3d0-02f3d90c24bc":{"IsClassOnNotificationEnabled":true,"IsClassOnPreparingNotificationEnabled":true,"IsClassOffNotificationEnabled":true,"ClassPreparingDeltaTime":60,"ClassOnPreparingText":"\u51C6\u5907\u4E0A\u8BFE\uFF0C\u8BF7\u56DE\u5230\u5EA7\u4F4D\u5E76\u4FDD\u6301\u5B89\u9759\uFF0C\u505A\u597D\u4E0A\u8BFE\u51C6\u5907\u3002","IsAttachSettingsEnabled":false,"IsActive":false}},"IsActive":false},"91a88ebb-8ecb-493e-b09c-e35718f01dce":{"Name":"\u97F3\u4E50","Initial":"\u97F3","TeacherName":"","IsOutDoor":false,"AttachedObjects":{"58e5b69a-764a-472b-bcf7-003b6a8c7fdf":{"IsAttachSettingsEnabled":false,"ShowExtraInfoOnTimePoint":true,"ExtraInfoType":0,"IsCountdownEnabled":true,"CountdownSeconds":60,"IsActive":false},"08f0d9c3-c770-4093-a3d0-02f3d90c24bc":{"IsClassOnNotificationEnabled":true,"IsClassOnPreparingNotificationEnabled":true,"IsClassOffNotificationEnabled":true,"ClassPreparingDeltaTime":60,"ClassOnPreparingText":"\u51C6\u5907\u4E0A\u8BFE\uFF0C\u8BF7\u56DE\u5230\u5EA7\u4F4D\u5E76\u4FDD\u6301\u5B89\u9759\uFF0C\u505A\u597D\u4E0A\u8BFE\u51C6\u5907\u3002","IsAttachSettingsEnabled":false,"IsActive":false}},"IsActive":false},"742b00dc-901b-496f-ae33-6714a13fa465":{"Name":"\u7F8E\u672F","Initial":"\u7F8E","TeacherName":"","IsOutDoor":false,"AttachedObjects":{"58e5b69a-764a-472b-bcf7-003b6a8c7fdf":{"IsAttachSettingsEnabled":false,"ShowExtraInfoOnTimePoint":true,"ExtraInfoType":0,"IsCountdownEnabled":true,"CountdownSeconds":60,"IsActive":false},"08f0d9c3-c770-4093-a3d0-02f3d90c24bc":{"IsClassOnNotificationEnabled":true,"IsClassOnPreparingNotificationEnabled":true,"IsClassOffNotificationEnabled":true,"ClassPreparingDeltaTime":60,"ClassOnPreparingText":"\u51C6\u5907\u4E0A\u8BFE\uFF0C\u8BF7\u56DE\u5230\u5EA7\u4F4D\u5E76\u4FDD\u6301\u5B89\u9759\uFF0C\u505A\u597D\u4E0A\u8BFE\u51C6\u5907\u3002","IsAttachSettingsEnabled":false,"IsActive":false}},"IsActive":false},"353c420e-c256-4e28-9f9c-283333ba6e62":{"Name":"\u9009\u4FEE\u8BFE","Initial":"\u9009","TeacherName":"","IsOutDoor":false,"AttachedObjects":{"58e5b69a-764a-472b-bcf7-003b6a8c7fdf":{"IsAttachSettingsEnabled":false,"ShowExtraInfoOnTimePoint":true,"ExtraInfoType":0,"IsCountdownEnabled":true,"CountdownSeconds":60,"IsActive":false},"08f0d9c3-c770-4093-a3d0-02f3d90c24bc":{"IsClassOnNotificationEnabled":true,"IsClassOnPreparingNotificationEnabled":true,"IsClassOffNotificationEnabled":true,"ClassPreparingDeltaTime":60,"ClassOnPreparingText":"\u51C6\u5907\u4E0A\u8BFE\uFF0C\u8BF7\u56DE\u5230\u5EA7\u4F4D\u5E76\u4FDD\u6301\u5B89\u9759\uFF0C\u505A\u597D\u4E0A\u8BFE\u51C6\u5907\u3002","IsAttachSettingsEnabled":false,"IsActive":false}},"IsActive":false},"cc826063-bdb7-492b-baf3-3c6877e8c4bf":{"Name":"\u793E\u56E2","Initial":"\u793E","TeacherName":"","IsOutDoor":false,"AttachedObjects":{"58e5b69a-764a-472b-bcf7-003b6a8c7fdf":{"IsAttachSettingsEnabled":false,"ShowExtraInfoOnTimePoint":true,"ExtraInfoType":0,"IsCountdownEnabled":true,"CountdownSeconds":60,"IsActive":false},"08f0d9c3-c770-4093-a3d0-02f3d90c24bc":{"IsClassOnNotificationEnabled":true,"IsClassOnPreparingNotificationEnabled":true,"IsClassOffNotificationEnabled":true,"ClassPreparingDeltaTime":60,"ClassOnPreparingText":"\u51C6\u5907\u4E0A\u8BFE\uFF0C\u8BF7\u56DE\u5230\u5EA7\u4F4D\u5E76\u4FDD\u6301\u5B89\u9759\uFF0C\u505A\u597D\u4E0A\u8BFE\u51C6\u5907\u3002","IsAttachSettingsEnabled":false,"IsActive":false}},"IsActive":false},"31380edc-400d-46c2-b993-a5c4a43db126":{"Name":"\u5FC3\u7406","Initial":"\u5FC3","TeacherName":"","IsOutDoor":false,"AttachedObjects":{"58e5b69a-764a-472b-bcf7-003b6a8c7fdf":{"IsAttachSettingsEnabled":false,"ShowExtraInfoOnTimePoint":true,"ExtraInfoType":0,"IsCountdownEnabled":true,"CountdownSeconds":60,"IsActive":false},"08f0d9c3-c770-4093-a3d0-02f3d90c24bc":{"IsClassOnNotificationEnabled":true,"IsClassOnPreparingNotificationEnabled":true,"IsClassOffNotificationEnabled":true,"ClassPreparingDeltaTime":60,"ClassOnPreparingText":"\u51C6\u5907\u4E0A\u8BFE\uFF0C\u8BF7\u56DE\u5230\u5EA7\u4F4D\u5E76\u4FDD\u6301\u5B89\u9759\uFF0C\u505A\u597D\u4E0A\u8BFE\u51C6\u5907\u3002","IsAttachSettingsEnabled":false,"IsActive":false}},"IsActive":false},"9875b24c-470d-4195-8a6a-73925ea4808b":{"Name":"\u65E9\u81EA\u4E60","Initial":"\u65E9","TeacherName":"","IsOutDoor":false,"AttachedObjects":{"58e5b69a-764a-472b-bcf7-003b6a8c7fdf":{"IsAttachSettingsEnabled":false,"ShowExtraInfoOnTimePoint":true,"ExtraInfoType":0,"IsCountdownEnabled":true,"CountdownSeconds":60,"ExtraInfo4ShowSecondsSeconds":0,"ScheduleSpacing":1,"ShowCurrentLessonOnlyOnClass":false,"IsActive":false},"08f0d9c3-c770-4093-a3d0-02f3d90c24bc":{"IsClassOnNotificationEnabled":true,"IsClassOnPreparingNotificationEnabled":true,"IsClassOffNotificationEnabled":true,"ClassPreparingDeltaTime":60,"ClassOnPreparingText":"\u51C6\u5907\u4E0A\u8BFE\uFF0C\u8BF7\u56DE\u5230\u5EA7\u4F4D\u5E76\u4FDD\u6301\u5B89\u9759\uFF0C\u505A\u597D\u4E0A\u8BFE\u51C6\u5907\u3002","ClassOnPreparingMaskText":"\u5373\u5C06\u4E0A\u8BFE","ClassOnMaskText":"\u4E0A\u8BFE","ClassOffMaskText":"\u8BFE\u95F4\u4F11\u606F","IsAttachSettingsEnabled":false,"IsActive":false}},"IsActive":false},"cf251cd8-2aab-4aa1-8211-50f4e6919a3d":{"Name":"\u73ED\u4F1A","Initial":"\u73ED","TeacherName":"","IsOutDoor":false,"AttachedObjects":{"58e5b69a-764a-472b-bcf7-003b6a8c7fdf":{"IsAttachSettingsEnabled":false,"ShowExtraInfoOnTimePoint":true,"ExtraInfoType":0,"IsCountdownEnabled":true,"CountdownSeconds":60,"ExtraInfo4ShowSecondsSeconds":0,"ScheduleSpacing":1,"ShowCurrentLessonOnlyOnClass":false,"IsActive":false},"08f0d9c3-c770-4093-a3d0-02f3d90c24bc":{"IsClassOnNotificationEnabled":true,"IsClassOnPreparingNotificationEnabled":true,"IsClassOffNotificationEnabled":true,"ClassPreparingDeltaTime":60,"ClassOnPreparingText":"\u51C6\u5907\u4E0A\u8BFE\uFF0C\u8BF7\u56DE\u5230\u5EA7\u4F4D\u5E76\u4FDD\u6301\u5B89\u9759\uFF0C\u505A\u597D\u4E0A\u8BFE\u51C6\u5907\u3002","ClassOnPreparingMaskText":"\u5373\u5C06\u4E0A\u8BFE","ClassOnMaskText":"\u4E0A\u8BFE","ClassOffMaskText":"\u8BFE\u95F4\u4F11\u606F","IsAttachSettingsEnabled":false,"IsActive":false}},"IsActive":false},"95dd61cd-5d2e-4f23-80e8-99be8aa97028":{"Name":"\u5468\u6D4B","Initial":"\u6D4B","TeacherName":"","IsOutDoor":false,"AttachedObjects":{"08f0d9c3-c770-4093-a3d0-02f3d90c24bc":{"IsClassOnNotificationEnabled":true,"IsClassOnPreparingNotificationEnabled":true,"IsClassOffNotificationEnabled":true,"ClassPreparingDeltaTime":60,"ClassOnPreparingText":"\u51C6\u5907\u4E0A\u8BFE\uFF0C\u8BF7\u56DE\u5230\u5EA7\u4F4D\u5E76\u4FDD\u6301\u5B89\u9759\uFF0C\u505A\u597D\u4E0A\u8BFE\u51C6\u5907\u3002","IsAttachSettingsEnabled":false,"IsActive":false},"58e5b69a-764a-472b-bcf7-003b6a8c7fdf":{"IsAttachSettingsEnabled":false,"ShowExtraInfoOnTimePoint":true,"ExtraInfoType":0,"IsCountdownEnabled":true,"CountdownSeconds":60,"IsActive":false}},"IsActive":false},"b48add0c-2bc0-49b4-8675-1041b19bdd81":{"Name":"","Initial":"","TeacherName":"","IsOutDoor":false,"AttachedObjects":{"08f0d9c3-c770-4093-a3d0-02f3d90c24bc":{"IsClassOnNotificationEnabled":true,"IsClassOnPreparingNotificationEnabled":true,"IsClassOffNotificationEnabled":true,"ClassPreparingDeltaTime":60,"ClassOnPreparingText":"\u51C6\u5907\u4E0A\u8BFE\uFF0C\u8BF7\u56DE\u5230\u5EA7\u4F4D\u5E76\u4FDD\u6301\u5B89\u9759\uFF0C\u505A\u597D\u4E0A\u8BFE\u51C6\u5907\u3002","ClassOnPreparingMaskText":"\u5373\u5C06\u4E0A\u8BFE","ClassOnMaskText":"\u4E0A\u8BFE","ClassOffMaskText":"\u8BFE\u95F4\u4F11\u606F","IsAttachSettingsEnabled":false,"IsActive":false},"58e5b69a-764a-472b-bcf7-003b6a8c7fdf":{"IsAttachSettingsEnabled":false,"ShowExtraInfoOnTimePoint":true,"ExtraInfoType":0,"IsCountdownEnabled":true,"CountdownSeconds":60,"ExtraInfo4ShowSecondsSeconds":0,"ScheduleSpacing":1,"ShowCurrentLessonOnlyOnClass":false,"IsActive":false}},"IsActive":false}},"IsOverlayClassPlanEnabled":false,"OverlayClassPlanId":null,"TempClassPlanId":null,"TempClassPlanSetupTime":"2024-12-13T18:29:02.9566202+08:00","ClassPlanGroups":{"acaf4ef0-e261-4262-b941-34ea93cb4369":{"Name":"\u9ED8\u8BA4","IsGlobal":false,"IsActive":false},"00000000-0000-0000-0000-000000000000":{"Name":"\u5168\u5C40\u8BFE\u8868\u7FA4","IsGlobal":true,"IsActive":false}},"SelectedClassPlanGroupId":"acaf4ef0-e261-4262-b941-34ea93cb4369","TempClassPlanGroupId":null,"TempClassPlanGroupExpireTime":"2024-12-13T18:29:02.9567714+08:00","IsTempClassPlanGroupEnabled":false,"TempClassPlanGroupType":1,"IsActive":false}