[{"Triggers":[{"Id":"classisland.lessons.onClass","Settings":null,"IsActive":false}],"IsConditionEnabled":true,"Ruleset":{"Mode":0,"IsReversed":false,"Groups":[{"Rules":[{"IsReversed":false,"Id":"classisland.lessons.currentSubject","Settings":{"SubjectId":"9f0d71b7-b4da-4040-a3d5-64da7573c6dd","IsActive":false},"IsActive":false}],"Mode":1,"IsReversed":false,"IsEnabled":true,"IsActive":false}],"IsActive":false},"ActionSet":{"IsWorking":false,"Guid":"a9182789-ae32-43ff-b485-cd13d52d530a","Name":"\u653F\u6CBB\u8BFE\u81EA\u52A8\u9690\u85CF","Actions":[{"Id":"classisland.settings.windowLayer","Settings":{"Value":0,"IsActive":false},"IsActive":false},{"Id":"classisland.broadcastSignal","Settings":{"SignalName":"HIDE-MAIN","IsRevert":false,"IsActive":false},"IsActive":false}],"IsEnabled":true,"IsRevertEnabled":false,"Status":0,"IsActive":false},"IsActive":false},{"Triggers":[],"IsConditionEnabled":false,"Ruleset":{"Mode":0,"IsReversed":false,"Groups":[{"Rules":[{"IsReversed":false,"Id":"","Settings":null,"IsActive":false}],"Mode":1,"IsReversed":false,"IsEnabled":true,"IsActive":false}],"IsActive":false},"ActionSet":{"IsWorking":false,"Guid":"32996dcd-c15e-44fc-a316-0cecf4a8da5a","Name":"\u653F\u6CBB\u8BFE\u81EA\u52A8\u9690\u85CF - Recv","Actions":[{"Id":"classisland.settings.windowLayer","Settings":{"Value":1,"IsActive":false},"IsActive":false}],"IsEnabled":true,"IsRevertEnabled":false,"Status":0,"IsActive":false},"IsActive":false}]